Category,PWSID,EPID,"BOL Sample # /ELLE Job #",PWS Name,County,"DateCollected",11Cl-PF3OUdS,9Cl-PF3ONS,ADONA,HFPO-DA,NEtFOSAA,NMeFOSAA,PFDA,PFDoA,PFTA,PFTrDA,PFHxA,PFUnA,PFBS,PFHpA,PFHxS,PFNA,PFOS,PFOA,"Sum_2(PFOS +PFOA)",Units
BW,7010007,101,410-20534-1,Paramount Senior Living (Village of Laurel Run),Adams,11/12/2020,ND,ND,ND,ND,ND,ND,ND,ND,ND,ND,2.4,ND,ND,ND,140.0,ND,11.0,2.6,13.6,ng/l
TW,7010019,107,410-20534-1,Gettysburg Municipal Auth,Adams,11/12/2020,ND,ND,ND,ND,ND,ND,ND,ND,ND,ND,4.4,ND,2.2,2.9,2.6,ND,17.0,7.4,24.4,ng/l
TW,7010019,109,410-20534-1,Gettysburg Municipal Auth,Adams,11/12/2020,ND,ND,ND,ND,ND,ND,ND,ND,ND,ND,ND,ND,ND,ND,ND,ND,ND,ND,0.0,ng/l
TW,7010022,102,410-16448-1,Littlestown Boro,Adams,10/7/2020,ND,ND,ND,ND,ND,ND,ND,ND,ND,ND,ND,ND,1.7,ND,ND,ND,4.6,2.0,6.6,ng/l
TW,7010038,101,410-20534-1,Western Cumberland Water Sys,Adams,11/12/2020,ND,ND,ND,ND,ND,ND,ND,ND,ND,ND,ND,ND,ND,ND,ND,ND,2.9,ND,2.9,ng/l
TW,7010056,101,410-21932-1,Adams County Facilities Center,Adams,11/24/2020,ND,ND,ND,ND,ND,ND,ND,ND,ND,ND,3.2,ND,ND,5.0,ND,ND,ND,4.8,4.8,ng/l
TW,5020010,101,477620,Coraopolis WSA,Allegheny,3/3/2021,ND,ND,ND,ND,ND,ND,ND,ND,ND,ND,ND,ND,6.0,ND,4.5,ND,5.9,ND,5.9,ng/l
TW/TI,5020011,101,477616,Moon Twp Muni Authority,Allegheny,3/3/2021,ND,ND,ND,ND,ND,ND,ND,ND,ND,ND,ND,ND,ND,ND,ND,ND,3.8,ND,3.8,ng/l
TW,5020019,101,477650,Hampton Shaler WA,Allegheny,3/31/2021,ND,ND,ND,ND,ND,ND,ND,ND,ND,ND,ND,ND,ND,ND,ND,ND,ND,ND,0.0,ng/l
TI,5020036,101,477622,Oakmont Water Authority,Allegheny,3/3/2021,ND,ND,ND,ND,ND,ND,ND,ND,ND,ND,ND,ND,ND,ND,ND,ND,ND,ND,0.0,ng/l
TI,5040007,102,477408,Center Twp Water Auth,Beaver,11/17/2020,ND,ND,ND,ND,ND,ND,ND,ND,ND,ND,ND,ND,ND,ND,ND,ND,ND,ND,0.0,ng/l
TW,5040055,101,477614,Vanport Twp Municipal Authority,Beaver,3/2/2021,ND,ND,ND,ND,ND,ND,ND,ND,ND,ND,ND,ND,4.4,ND,ND,ND,ND,ND,0.0,ng/l
TI,5040300,101,477612,Nova Chemicals Beaver Valley Plant,Beaver,3/2/2021,ND,ND,ND,ND,ND,ND,ND,ND,ND,ND,ND,ND,ND,ND,ND,ND,ND,ND,0.0,ng/l
TI,4050002,104,477596,Bedford Boro,Bedford,2/25/2021,ND,ND,ND,ND,ND,ND,ND,ND,ND,ND,ND,ND,ND,ND,ND,ND,ND,ND,0.0,ng/l
BI/BW,4050003,101,477170,Hyndman Boro,Bedford,8/13/2020,ND,ND,ND,ND,ND,ND,ND,ND,ND,ND,ND,ND,ND,ND,ND,ND,ND,ND,0.0,ng/l
BI,4050021,102,477316,Saxton Municipal Water Authority,Bedford,10/7/2020,ND,ND,ND,ND,ND,ND,ND,ND,ND,ND,ND,ND,ND,ND,ND,ND,ND,ND,0.0,ng/l
BI,4050027,101,477318,Centerville Municipal Water Authority,Bedford,10/7/2020,ND,ND,ND,ND,ND,ND,ND,ND,ND,ND,ND,ND,ND,ND,ND,ND,ND,ND,0.0,ng/l
BI,4050028,101,477168,Evitts Creek,Bedford,8/13/2020,ND,ND,ND,ND,ND,ND,ND,ND,ND,ND,ND,ND,ND,ND,ND,ND,ND,ND,0.0,ng/l
TW,4050038,101,477594,Snake Spring Twp,Bedford,2/25/2021,ND,ND,ND,ND,ND,ND,ND,ND,ND,ND,ND,ND,ND,ND,ND,ND,ND,ND,0.0,ng/l
TW,3060004,101,410-27132,Woodland MHP,Berks,1/21/2021,ND,ND,ND,ND,ND,ND,ND,ND,ND,ND,2.9,ND,64.0,2.8,ND,ND,ND,2.1,2.1,ng/l
TW,3060012,103,477320,Maiden Creek Twp Water Authority,Berks,10/8/2020,ND,ND,ND,ND,ND,ND,ND,ND,ND,ND,ND,ND,ND,ND,ND,ND,ND,ND,0.0,ng/l
TW,3060038,105,410-18048-1,Muhlenberg Twp Muni Auth,Berks,10/22/2020,ND,ND,ND,ND,ND,ND,ND,ND,ND,ND,3.5,ND,2.6,1.8,2.9,5.1,6.6,3.8,10.4,ng/l
TW,3060038,106,410-18048-1,Muhlenberg Twp Muni Auth,Berks,10/22/2020,ND,ND,ND,ND,ND,ND,ND,ND,ND,ND,6.1,ND,5.1,3.3,4.3,2.8,13.0,7.3,20.3,ng/l
TW,3060038,110,410-18048-1,Muhlenberg Twp Muni Auth,Berks,10/22/2020,ND,ND,ND,ND,ND,ND,ND,ND,ND,ND,2.1,ND,ND,ND,1.9,ND,2.3,2.8,5.1,ng/l
TW,3060038,112,410-18048-1,Muhlenberg Twp Muni Auth,Berks,10/22/2020,ND,ND,ND,ND,ND,ND,ND,ND,ND,ND,ND,ND,ND,ND,ND,2.9,ND,1.7,1.7,ng/l
TW,3060047,103,477656,Leesport Boro Water Auth,Berks,3/30/2021,ND,ND,ND,ND,ND,ND,ND,ND,ND,ND,ND,ND,ND,ND,ND,ND,ND,ND,0.0,ng/l
TW,3060048,101,477398,Country View MHP,Berks,11/13/2020,ND,ND,ND,ND,ND,ND,ND,ND,ND,ND,6.8,ND,ND,ND,ND,ND,ND,ND,0.0,ng/l
TW,3060058,101,410-20112-1,Berks Hills Estates,Berks,11/10/2020,ND,ND,ND,ND,ND,ND,ND,ND,ND,ND,ND,ND,ND,ND,ND,ND,ND,ND,0.0,ng/l
TW,3060069,102,410-20536-1,PAWC Penn District,Berks,11/12/2020,ND,ND,ND,ND,ND,ND,ND,ND,ND,ND,ND,ND,2.0,ND,ND,ND,ND,ND,0.0,ng/l
TW,3060080,104,410-16558-1,Womelsdorf Robesonia Jt Auth,Berks,10/8/2020,ND,ND,ND,ND,ND,ND,ND,ND,ND,ND,ND,ND,ND,ND,ND,ND,ND,ND,0.0,ng/l
TW,3060088,103,410-25233,PAWC Glen Alsace,Berks,12/30/2020,ND,ND,ND,ND,ND,ND,ND,ND,ND,ND,4.1,ND,5.9,2.1,3.6,ND,9.8,5.1,14.9,ng/l
TW,3060088,110,410-20536-1,PAWC Glen Alsace,Berks,11/12/2020,ND,ND,ND,ND,ND,ND,ND,ND,ND,ND,ND,ND,1.9,ND,ND,ND,2.4,2.1,4.5,ng/l
TW,3060088,111,410-20536-1,PAWC Glen Alsace,Berks,11/12/2020,ND,ND,ND,ND,ND,ND,ND,ND,ND,ND,4.0,ND,1.8,2.6,4.8,ND,9.0,6.8,15.8,ng/l
TW,3060092,101,410-16558-1,Bethany Childrens Home,Berks,10/8/2020,ND,ND,ND,ND,ND,ND,ND,ND,ND,ND,ND,ND,ND,ND,ND,ND,ND,ND,0.0,ng/l
TW,3060127,101,477003,Abraxas Academy,Berks,2/4/2020,ND,ND,ND,ND,ND,ND,ND,ND,ND,ND,ND,ND,ND,ND,ND,ND,ND,ND,0.0,ng/l
TW,3060134,101,477448,Aqua PA Stonecroft,Berks,12/1/2020,ND,ND,ND,ND,ND,ND,ND,ND,ND,ND,ND,ND,ND,ND,ND,ND,ND,ND,0.0,ng/l
TW,3060141,101,477075,Christman Lake Water System,Berks,2/18/2020,ND,ND,ND,ND,ND,ND,ND,ND,ND,ND,52.0,ND,29.1,32.2,ND,8.8,6.5,59.6,66.1,ng/l
TW,3060677,101,410-20112-1,Materion Brush Inc,Berks,11/10/2020,ND,ND,ND,ND,ND,ND,ND,ND,ND,ND,ND,ND,ND,ND,ND,ND,ND,ND,0.0,ng/l
TW,3060678,101,477005,Arkema,Berks,2/4/2020,ND,ND,ND,ND,ND,ND,ND,ND,ND,ND,32.2,ND,9.8,10.6,6.2,5.6,11.8,31.2,43.0,ng/l
TW,3060681,101,477069,East Penn MFG Co,Berks,2/18/2020,ND,ND,ND,ND,ND,ND,ND,ND,ND,ND,ND,ND,ND,ND,ND,ND,ND,ND,0.0,ng/l
TW,3060681,102,477071,East Penn MFG Co,Berks,2/18/2020,ND,ND,ND,ND,ND,ND,ND,ND,ND,ND,ND,ND,ND,ND,ND,ND,ND,ND,0.0,ng/l
TW,3060681,103,477073,East Penn MFG Co,Berks,2/18/2020,ND,ND,ND,ND,ND,ND,ND,ND,ND,ND,ND,ND,ND,ND,ND,ND,ND,ND,0.0,ng/l
TW,3060704,101,477061,Engineered Materials Solutions,Berks,2/18/2020,ND,ND,ND,ND,ND,ND,ND,ND,ND,ND,ND,ND,ND,ND,ND,ND,ND,ND,0.0,ng/l
TW,3060803,102,477001,Morgantown Property,Berks,2/4/2020,ND,ND,ND,ND,ND,ND,ND,ND,ND,ND,ND,ND,ND,ND,ND,ND,ND,ND,0.0,ng/l
TW,3060809,101,477296,Giorgio Foods Inc.,Berks,9/24/2020,ND,ND,ND,ND,ND,ND,ND,ND,ND,ND,ND,ND,ND,ND,ND,ND,ND,ND,0.0,ng/l
TW,3060838,101,410-18045-1,Atlas Mineral and Chemical,Berks,10/22/2020,ND,ND,ND,ND,ND,ND,ND,ND,ND,ND,5.0,ND,2.1,2.2,3.3,2.2,12.0,7.6,19.6,ng/l
TW,3060838,102,410-18045-1,Atlas Mineral and Chemical,Berks,10/22/2020,ND,ND,ND,ND,ND,ND,ND,ND,ND,ND,2.0,ND,ND,ND,ND,ND,2.8,2.6,5.4,ng/l
TW,3060838,103,410-18045-1,Atlas Mineral and Chemical,Berks,10/22/2020,ND,ND,ND,ND,ND,ND,ND,ND,ND,ND,2.3,ND,ND,2.1,ND,ND,6.3,5.4,11.7,ng/l
TW,3060923,101,410-20112-1,Specialty Design & Mfg Co,Berks,11/10/2020,ND,ND,ND,ND,ND,ND,ND,ND,ND,ND,ND,ND,ND,ND,ND,ND,ND,ND,0.0,ng/l
TW,3060927,101,477063,Glen-Gery Inc.,Berks,2/18/2020,ND,ND,ND,ND,ND,ND,ND,ND,ND,ND,ND,ND,ND,ND,ND,ND,ND,ND,0.0,ng/l
TW,3060927,102,477164,Glen Gery,Berks,8/12/2020,ND,ND,ND,ND,ND,ND,ND,ND,ND,ND,ND,ND,ND,ND,ND,ND,ND,ND,0.0,ng/l
TW,3061076,101,477067,Met ed Bethel Whse,Berks,2/18/2020,ND,ND,ND,ND,ND,ND,ND,ND,ND,ND,ND,ND,ND,ND,ND,ND,ND,ND,0.0,ng/l
TW,3061189,101,477298,Giorgio Fresh,Berks,9/24/2020,ND,ND,ND,ND,ND,ND,ND,ND,ND,ND,ND,ND,ND,ND,ND,ND,ND,ND,0.0,ng/l
TW,3061192,102,477284,Giorgio Farm 1,Berks,9/24/2020,ND,ND,ND,ND,ND,ND,ND,ND,ND,ND,ND,ND,ND,ND,ND,ND,ND,ND,0.0,ng/l
TW,3061192,103,477286,Giorgio Farm 1,Berks,9/24/2020,ND,ND,ND,ND,ND,ND,ND,ND,ND,ND,ND,ND,ND,ND,ND,ND,ND,ND,0.0,ng/l
TW,3061192,104,477288,Giorgio Farm 1,Berks,9/24/2020,ND,ND,ND,ND,ND,ND,ND,ND,ND,ND,ND,ND,ND,ND,ND,ND,ND,ND,0.0,ng/l
TW,3061192,105,477290,Giorgio Farm 1,Berks,9/24/2020,ND,ND,ND,ND,ND,ND,ND,ND,ND,ND,ND,ND,ND,ND,ND,ND,ND,ND,0.0,ng/l
TW,3061192,106,477292,Giorgio Farm 1,Berks,9/24/2020,ND,ND,ND,ND,ND,ND,ND,ND,ND,ND,ND,ND,ND,ND,ND,ND,ND,ND,0.0,ng/l
TW,3061192,107,477294,Giorgio Farm 1,Berks,9/24/2020,ND,ND,ND,ND,ND,ND,ND,ND,ND,ND,ND,ND,ND,ND,ND,ND,ND,ND,0.0,ng/l
TW,3061250,101,477077,E. Penn MFG Kutztown Innovation,Berks,2/18/2020,ND,ND,ND,ND,ND,ND,ND,ND,ND,ND,ND,ND,ND,ND,ND,ND,ND,ND,0.0,ng/l
TW,3061254,101,477192,Mail Shark,Berks,8/18/2020,ND,ND,ND,ND,ND,ND,ND,ND,ND,ND,ND,ND,ND,ND,ND,ND,4.6,ND,4.6,ng/l
TW,4070019,101,477652,Roaring Springs Muni,Blair,3/31/2021,ND,ND,ND,ND,ND,ND,ND,ND,ND,ND,ND,ND,ND,ND,ND,ND,5.3,ND,5.3,ng/l
TW,4070030,102,410-21188-1,Martinsburg Muni Auth,Blair,11/17/2020,ND,ND,ND,ND,ND,ND,ND,ND,ND,ND,4.1,ND,5.5,ND,18.0,ND,13.0,3.3,16.3,ng/l
TW,2080015,100,410-26288,Woodside Terrace MHP,Bradford,1/13/2021,ND,ND,ND,ND,ND,ND,ND,ND,ND,ND,ND,ND,ND,ND,ND,ND,ND,ND,0.0,ng/l
TW,2080033,100,410-24110,Bradford County Manor,Bradford,12/15/2020,ND,ND,ND,ND,ND,ND,ND,ND,ND,ND,ND,ND,ND,ND,ND,ND,ND,ND,0.0,ng/l
TW,2080347,100,410-24110,Jeld Wen,Bradford,12/15/2020,ND,ND,ND,ND,ND,ND,ND,ND,ND,ND,ND,ND,ND,ND,ND,ND,ND,ND,0.0,ng/l
TW,1090017,101,477308,Bucks Run Apartments,Bucks,9/30/2020,ND,ND,ND,ND,ND,ND,ND,ND,ND,ND,ND,ND,9.8,ND,ND,ND,ND,ND,0.0,ng/l
TW,1090046,105,477232,Perkasie Regional Authority,Bucks,9/3/2020,ND,ND,ND,ND,ND,ND,ND,ND,ND,ND,ND,ND,ND,ND,ND,ND,ND,ND,0.0,ng/l
TW,1090081,102,477220,Doylestown Borough Water Department,Bucks,8/26/2020,ND,ND,ND,ND,ND,ND,ND,ND,ND,ND,7.2,ND,6.9,4.4,4.9,4.0,11.6,13.7,25.3,ng/l
TW,1090082,101,477244,Quakertown Borough,Bucks,9/9/2020,ND,ND,ND,ND,ND,ND,ND,ND,ND,ND,ND,ND,ND,ND,ND,ND,ND,ND,0.0,ng/l
TW,1090082,102,477246,Quakertown Borough,Bucks,9/9/2020,ND,ND,ND,ND,ND,ND,ND,ND,ND,ND,ND,ND,ND,ND,ND,ND,11.2,9.3,20.5,ng/l
TW,1090082,104,477248,Quakertown Borough,Bucks,9/9/2020,ND,ND,ND,ND,ND,ND,ND,ND,ND,ND,ND,ND,ND,ND,ND,ND,4.0,ND,4.0,ng/l
TW,1090082,105,477250,Quakertown Borough,Bucks,9/9/2020,ND,ND,ND,ND,ND,ND,ND,ND,ND,ND,ND,ND,ND,ND,ND,18.1,7.0,4.4,11.4,ng/l
TW,1090093,101,477218,Neshaminy Manor Center,Bucks,8/26/2020,ND,ND,ND,ND,ND,ND,ND,ND,ND,ND,ND,ND,ND,ND,ND,ND,3.8,5.4,9.2,ng/l
TW,1090107,101,477099,Boro of Dublin,Bucks,2/26/2020,ND,ND,ND,ND,ND,ND,ND,ND,ND,ND,ND,ND,ND,ND,ND,ND,ND,ND,0.0,ng/l
TW,1090107,103,477530,Boro of Dublin,Bucks,1/12/2021,ND,ND,ND,ND,ND,ND,ND,ND,ND,ND,ND,ND,ND,ND,ND,ND,ND,ND,0.0,ng/l
TW,1090125,104,477234,Milford Twp Water Authority,Bucks,9/3/2020,ND,ND,ND,ND,ND,ND,ND,ND,ND,ND,ND,ND,ND,ND,ND,ND,ND,ND,0.0,ng/l
TW,1090128,110,477188,DTMA Main System,Bucks,8/18/2020,ND,ND,ND,ND,ND,ND,ND,ND,ND,ND,7.1,ND,ND,5.3,ND,5.9,7.1,12.7,19.8,ng/l
TW,1090131,104,477013,Richland Twp Water Auth,Bucks,2/5/2020,ND,ND,ND,ND,ND,ND,ND,ND,ND,ND,ND,ND,ND,ND,ND,5.0,9.1,6.7,15.8,ng/l
TW,1090144,101,477304,Plumstead Northern System,Bucks,9/30/2020,ND,ND,ND,ND,ND,ND,ND,ND,ND,ND,ND,ND,5.3,ND,ND,ND,4.6,4.9,9.5,ng/l
TW,1090308,101,477007,Schoolhouse Learning Center,Bucks,2/5/2020,ND,ND,ND,ND,ND,ND,ND,ND,ND,ND,ND,ND,ND,ND,ND,ND,ND,4.0,4.0,ng/l
TW,1090321,101,477194,Oldcastle Precast,Bucks,8/19/2020,ND,ND,ND,ND,ND,ND,ND,ND,ND,ND,ND,ND,ND,ND,ND,ND,3.8,5.4,9.2,ng/l
TW,1090321,102,477202,Oldcastle Precast,Bucks,8/19/2020,ND,ND,ND,ND,ND,ND,ND,ND,ND,ND,ND,ND,ND,ND,ND,ND,ND,4.4,4.4,ng/l
TW,1090324,101,477306,Hanover Commons (Kiddie Academy),Bucks,9/30/2020,ND,ND,ND,ND,ND,ND,ND,ND,ND,ND,ND,ND,ND,ND,ND,ND,ND,ND,0.0,ng/l
TW,1090862,101,477196,Grand View Hospital,Bucks,8/19/2020,ND,ND,ND,ND,ND,ND,ND,ND,ND,ND,6.7,ND,ND,ND,ND,ND,7.2,13.3,20.5,ng/l
TW,1090928,101,477214,Air Liquide Medical,Bucks,8/26/2020,ND,ND,ND,ND,ND,ND,ND,ND,ND,ND,ND,ND,3.6,ND,ND,ND,ND,ND,0.0,ng/l
TW,1090931,101,477212,Air Liquide,Bucks,8/26/2020,ND,ND,ND,ND,ND,ND,ND,ND,ND,ND,6.0,ND,ND,ND,ND,ND,ND,ND,0.0,ng/l
TW,1090945,101,477015,Summit Condo/Charter Mgt,Bucks,2/5/2020,ND,ND,ND,ND,ND,ND,ND,ND,ND,ND,ND,ND,ND,ND,ND,ND,ND,6.2,6.2,ng/l
TW,1090962,100,477198,Bucks County Community College,Bucks,8/20/2020,ND,ND,ND,ND,ND,ND,ND,ND,ND,ND,ND,ND,ND,ND,ND,ND,3.6,6.5,10.1,ng/l
TW,1090993,101,477216,Plumstead Christian Upper School,Bucks,8/26/2020,ND,ND,ND,ND,ND,ND,ND,ND,ND,ND,26.8,ND,ND,4.9,ND,ND,6.1,6.5,12.6,ng/l
TW,1091156,101,477532,Plumsteadville Shopping Center,Bucks,1/12/2021,ND,ND,ND,ND,ND,ND,ND,ND,ND,ND,ND,ND,ND,ND,ND,ND,ND,ND,0.0,ng/l
TW,1091210,101,477200,Holy Nativity Episcopal Church,Bucks,8/20/2020,ND,ND,ND,ND,ND,ND,ND,ND,ND,ND,ND,ND,ND,ND,ND,ND,ND,5.2,5.2,ng/l
TW,5100018,101,477420,Sandy Hill Estates,Butler,11/18/2020,ND,ND,ND,ND,ND,ND,ND,ND,ND,ND,ND,ND,ND,ND,ND,ND,ND,ND,0.0,ng/l
TW,5100049,101,410-22876,Mars Borough Water Works,Butler,12/3/2020,ND,ND,ND,ND,ND,ND,ND,ND,ND,ND,3.4,ND,2.9,ND,2.9,ND,9.5,4.7,14.2,ng/l
TW,5100071,101,477422,Maple Manor MHP,Butler,11/19/2020,ND,ND,ND,ND,ND,ND,ND,ND,ND,ND,ND,ND,ND,ND,ND,ND,ND,ND,0.0,ng/l
TW,5100132,101,477410,Colonial Gardens Guest Home,Butler,11/18/2020,ND,ND,ND,ND,ND,ND,ND,ND,ND,ND,ND,ND,ND,ND,ND,ND,ND,ND,0.0,ng/l
TW,5100375,101,477412,Wismarq Valencia / Vorteq Coil Finish,Butler,11/18/2020,ND,ND,ND,ND,ND,ND,ND,ND,ND,ND,ND,ND,ND,ND,ND,ND,ND,ND,0.0,ng/l
TW,5100433,101,477418,Butler Country Club,Butler,11/18/2020,ND,ND,ND,ND,ND,ND,ND,ND,ND,ND,ND,ND,ND,ND,ND,ND,ND,ND,0.0,ng/l
TW,5100439,101,477538,Penn Christian Academy,Butler,1/14/2021,ND,ND,ND,ND,ND,ND,ND,ND,ND,ND,ND,ND,ND,ND,ND,ND,ND,ND,0.0,ng/l
TW,5100977,101,477414,Holy Sepulcher School,Butler,11/18/2020,ND,ND,ND,ND,ND,ND,ND,ND,ND,ND,ND,ND,ND,ND,ND,ND,ND,ND,0.0,ng/l
TW,5100977,104,477416,Holy Sepulcher School,Butler,11/18/2020,ND,ND,ND,ND,ND,ND,ND,ND,ND,ND,ND,ND,ND,ND,ND,ND,ND,ND,0.0,ng/l
TW,5101049,101,477424,Adams Mfg Plant #1,Butler,11/19/2020,ND,ND,ND,ND,ND,ND,ND,ND,ND,ND,ND,ND,ND,ND,ND,ND,ND,ND,0.0,ng/l
TW,4110003,101,477628,Northern Cambria Muni,Cambria,3/4/2021,ND,ND,ND,ND,ND,ND,ND,ND,ND,ND,ND,ND,ND,ND,ND,ND,ND,ND,0.0,ng/l
BI,4110017,101,410-21188-1,Highland S&W Auth Beaverdam,Cambria,11/17/2020,ND,ND,ND,ND,ND,ND,ND,ND,ND,ND,ND,ND,ND,ND,ND,ND,ND,ND,0.0,ng/l
BW,4110027,101,477208,Portage Borough Municipal Authority,Cambria,8/25/2020,ND,ND,ND,ND,ND,ND,ND,ND,ND,ND,ND,ND,ND,ND,ND,ND,ND,ND,0.0,ng/l
BW,4110027,102,477210,Portage Borough Municipal Authority,Cambria,8/25/2020,ND,ND,ND,ND,ND,ND,ND,ND,ND,ND,ND,ND,ND,ND,ND,ND,ND,ND,0.0,ng/l
BI,6120001,101,410-21557-1,Driftwood Borough,Cameron,11/19/2020,ND,ND,ND,ND,ND,ND,ND,ND,ND,ND,ND,ND,ND,ND,ND,ND,ND,ND,0.0,ng/l
TW,3130026,102,477172,Nesquehoning Boro,Carbon,8/12/2020,ND,ND,ND,ND,ND,ND,ND,ND,ND,ND,ND,ND,ND,ND,ND,ND,ND,ND,0.0,ng/l
TW,3130052,101,477174,Nathans Hamlet,Carbon,8/12/2020,ND,ND,ND,ND,ND,ND,ND,ND,ND,ND,ND,ND,ND,ND,ND,ND,ND,ND,0.0,ng/l
TW,4140075,101,410-18860-1,Bellefonte Borough Water Auth,Centre,10/29/2020,ND,ND,ND,ND,ND,ND,ND,ND,ND,ND,1.7,ND,ND,ND,ND,ND,ND,ND,0.0,ng/l
TW,4140083,101,477322,Milesburg Borough Water Authority,Centre,10/7/2020,ND,ND,ND,ND,ND,ND,ND,ND,ND,ND,ND,ND,ND,ND,ND,ND,ND,ND,0.0,ng/l
TW,4140095,110,477434,Penn State Univ,Centre,11/18/2020,ND,ND,ND,ND,ND,ND,ND,ND,ND,ND,ND,ND,ND,ND,ND,ND,ND,ND,0.0,ng/l
TW,4140096,105,477604,State College Borough Water Auth,Centre,3/3/2021,ND,ND,ND,ND,ND,ND,ND,ND,ND,ND,ND,ND,ND,ND,ND,ND,ND,ND,0.0,ng/l
TW,4140096,106,477606,State College Borough Water Auth,Centre,3/3/2021,ND,ND,ND,ND,ND,ND,ND,ND,ND,ND,ND,ND,ND,ND,ND,ND,ND,ND,0.0,ng/l
TW,4140131,101,477430,Hampton Hills Benner Twp Auth,Centre,11/18/2020,ND,ND,ND,ND,ND,ND,ND,ND,ND,ND,ND,ND,ND,ND,ND,ND,ND,ND,0.0,ng/l
TW,4140133,101,477432,Grove Park Benner Twp H2O Auth,Centre,11/18/2020,ND,ND,ND,ND,ND,ND,ND,ND,ND,ND,ND,ND,ND,ND,ND,ND,ND,ND,0.0,ng/l
TW,4140895,101,477608,State of the Art,Centre,3/3/2021,ND,ND,ND,ND,ND,ND,ND,ND,ND,ND,13.7,ND,7.4,5.5,60.6,ND,62.1,12.8,74.9,ng/l
TW,1150015,101,477382,Taylors Mobile Home Park,Chester,11/10/2020,ND,ND,ND,ND,ND,ND,ND,ND,ND,ND,39.3,ND,ND,10.6,4.7,ND,3.9,4.7,8.6,ng/l
TW,1150015,102,477384,Taylors Mobile Home Park,Chester,11/10/2020,ND,ND,ND,ND,ND,ND,ND,ND,ND,ND,12.2,ND,7.3,8.1,36.7,ND,21.8,9.7,31.5,ng/l
TW/TI,1150026,101,477302,Downingtown Water Authority,Chester,9/29/2020,ND,ND,ND,ND,ND,ND,ND,ND,ND,ND,ND,ND,3.4,ND,ND,ND,3.5,4.2,7.7,ng/l
TW,1150035,102,477358,Aqua PA Uwchlan,Chester,11/4/2020,ND,ND,ND,ND,ND,ND,ND,ND,ND,ND,ND,ND,ND,ND,ND,ND,ND,4.5,4.5,ng/l
TW,1150069,103,477035,Coventry Terrace,Chester,2/11/2020,ND,ND,ND,ND,ND,ND,ND,ND,ND,ND,ND,ND,ND,ND,ND,ND,ND,5.0,5.0,ng/l
TW,1150108,102,477366,Kennett Square Municipal Water Works,Chester,11/5/2020,ND,ND,ND,ND,ND,ND,ND,ND,ND,ND,6.8,ND,ND,4.6,ND,ND,19.8,11.7,31.5,ng/l
TW,1150127,100,410-21932-1,Honey Brook Boro Water,Chester,11/24/2020,ND,ND,ND,ND,ND,ND,ND,ND,ND,ND,2.0,ND,2.3,ND,2.0,ND,4.3,4.2,8.5,ng/l
TW,1150189,101,477386,Perry Phillips Mobile Home Park,Chester,11/10/2020,ND,ND,ND,ND,ND,ND,ND,ND,ND,ND,9.4,ND,6.8,6.6,13.1,ND,26.1,29.3,55.4,ng/l
TW,1150318,101,477380,Barnsley Academy,Chester,11/10/2020,ND,ND,ND,ND,ND,ND,ND,ND,ND,ND,ND,ND,ND,ND,ND,ND,ND,4.0,4.0,ng/l
TW,1150334,101,477254,Scotts Oxford,Chester,9/9/2020,ND,ND,ND,ND,ND,ND,ND,ND,ND,ND,4.5,ND,ND,ND,ND,ND,ND,ND,0.0,ng/l
TW,1150612,101,477190,Warwick Daycare - North Coventry,Chester,8/18/2020,ND,ND,ND,ND,ND,ND,ND,ND,ND,ND,4.6,ND,5.9,ND,5.3,ND,ND,7.9,7.9,ng/l
TW,1150625,100,477360,Barr Building,Chester,11/4/2020,ND,ND,ND,ND,ND,ND,ND,ND,ND,ND,11.8,ND,ND,6.5,ND,ND,3.8,12.9,16.7,ng/l
TW,1150629,101,477230,Whiteland Pointe,Chester,9/2/2020,ND,ND,ND,ND,ND,ND,ND,ND,ND,ND,6.5,ND,3.5,ND,ND,ND,4.6,6.8,11.4,ng/l
TW,1150872,105,477368,Southmill Champs,Chester,11/5/2020,ND,ND,ND,ND,ND,ND,ND,ND,ND,ND,4.5,ND,4.4,ND,5.1,ND,ND,4.5,4.5,ng/l
BW,6160020,100,410-21555-1,Hartzell MHP,Clarion,11/18/2020,ND,ND,ND,ND,ND,ND,ND,ND,ND,ND,ND,ND,ND,ND,ND,ND,ND,ND,0.0,ng/l
BI,6170016,101,410-21557-1,City of Dubois,Clearfield,11/19/2020,ND,ND,ND,ND,ND,ND,ND,ND,ND,ND,ND,ND,ND,ND,ND,ND,ND,ND,0.0,ng/l
BW/BI,6170023,101,477204,Houtzdale Municipal Authority,Clearfield,8/25/2020,ND,ND,ND,ND,ND,ND,ND,ND,ND,ND,ND,ND,ND,ND,ND,ND,ND,ND,0.0,ng/l
BW,6170045,102,477314,Covington Karthaus Girard A A,Clearfield,10/7/2020,ND,ND,ND,ND,ND,ND,ND,ND,ND,ND,ND,ND,ND,ND,ND,ND,ND,ND,0.0,ng/l
TI,6170333,101,477492,Shawville Power LLC,Clearfield,12/10/2020,ND,ND,ND,ND,ND,ND,ND,ND,ND,ND,ND,ND,ND,ND,ND,ND,ND,ND,0.0,ng/l
TW,6170851,101,477490,Triangle Tech,Clearfield,12/10/2020,ND,ND,ND,ND,ND,ND,ND,ND,ND,ND,ND,ND,ND,ND,ND,ND,ND,ND,0.0,ng/l
TW,4180035,101,477428,Beech Creek Borough Authority,Clinton,11/18/2020,ND,ND,ND,ND,ND,ND,ND,ND,ND,ND,ND,ND,ND,ND,ND,ND,ND,ND,0.0,ng/l
BI,4180058,101,410-21557-1,Renovo Borough,Clinton,11/19/2020,ND,ND,ND,ND,ND,ND,ND,ND,ND,ND,ND,ND,ND,ND,ND,ND,ND,ND,0.0,ng/l
BI,4180059,101,477356,South Renovo Water System,Clinton,10/22/2020,ND,ND,ND,ND,ND,ND,ND,ND,ND,ND,ND,ND,ND,ND,ND,ND,ND,ND,0.0,ng/l
TI,4190008,101,477484,Suez Water PA Inc. Bloomsburg,Columbia,12/9/2020,ND,ND,ND,ND,ND,ND,ND,ND,ND,ND,ND,ND,ND,ND,ND,ND,ND,ND,0.0,ng/l
TW,4190013,101,477476,PAWC Berwick,Columbia,12/9/2020,ND,ND,ND,ND,ND,ND,ND,ND,ND,ND,7.8,ND,ND,ND,ND,ND,ND,7.0,7.0,ng/l
TW,4190016,100,477478,Aqua PA Mifflin Township,Columbia,12/9/2020,ND,ND,ND,ND,ND,ND,ND,ND,ND,ND,ND,ND,ND,ND,ND,ND,ND,ND,0.0,ng/l
TW,4190017,100,477474,Millville Municipal Auth,Columbia,12/9/2020,ND,ND,ND,ND,ND,ND,ND,ND,ND,ND,ND,ND,ND,ND,ND,ND,ND,ND,0.0,ng/l
TW,4190296,101,477584,Pleasant View Estates,Columbia,2/23/2021,ND,ND,ND,ND,ND,ND,ND,ND,ND,ND,ND,ND,ND,ND,ND,ND,ND,ND,0.0,ng/l
TW,4190296,102,477480,Pleasant View Estates,Columbia,12/9/2020,ND,ND,ND,ND,ND,ND,ND,ND,ND,ND,ND,ND,ND,ND,ND,ND,ND,4.7,4.7,ng/l
TW,4190296,103,477586,Pleasant View Estates,Columbia,2/23/2021,ND,ND,ND,ND,ND,ND,ND,ND,ND,ND,ND,ND,ND,ND,ND,ND,5.8,ND,5.8,ng/l
TW,4190316,100,477482,The Stanley Center,Columbia,12/9/2020,ND,ND,ND,ND,ND,ND,ND,ND,ND,ND,ND,ND,ND,ND,ND,ND,ND,ND,0.0,ng/l
TW,4190326,100,477590,Wonder Years Preschool,Columbia,2/23/2021,ND,ND,ND,ND,ND,ND,ND,ND,ND,ND,ND,ND,ND,ND,ND,ND,ND,ND,0.0,ng/l
TW,4190370,101,477592,Big Hearts Pet Brands,Columbia,2/23/2021,ND,ND,ND,ND,ND,ND,ND,ND,ND,ND,ND,ND,ND,ND,ND,ND,ND,ND,0.0,ng/l
TW,4190840,101,477242,Suez Water PA Inc. Coloco Ind. Park,Columbia,9/3/2020,ND,ND,ND,ND,ND,ND,ND,ND,ND,ND,ND,ND,ND,ND,ND,ND,7.3,4.1,11.4,ng/l
TW,4190889,101,477588,Kydex LLC,Columbia,3/31/2021,ND,ND,ND,ND,ND,ND,ND,ND,ND,ND,ND,ND,ND,ND,ND,ND,ND,ND,0.0,ng/l
TW,4190892,101,477240,Wise Foods Inc.,Columbia,9/3/2020,ND,ND,ND,ND,ND,ND,ND,ND,ND,ND,ND,ND,ND,ND,ND,ND,ND,ND,0.0,ng/l
TI,6200004,100,477640,Cambridge Springs Boro,Crawford,3/24/2021,ND,ND,ND,ND,ND,ND,ND,ND,ND,ND,ND,ND,ND,ND,ND,ND,ND,ND,0.0,ng/l
TW,6200035,100,477354,Meadville Housing Northgate,Crawford,10/21/2020,ND,ND,ND,ND,ND,ND,ND,ND,ND,ND,ND,ND,ND,ND,ND,ND,ND,ND,0.0,ng/l
TW,6200036,100,477644,Meadville Area Water Auth,Crawford,3/24/2021,ND,ND,ND,ND,ND,ND,ND,ND,ND,ND,ND,ND,ND,ND,ND,ND,ND,ND,0.0,ng/l
TW,6200043,100,477344,Saegertown Borough,Crawford,10/21/2020,ND,ND,ND,ND,ND,ND,ND,ND,ND,ND,ND,ND,ND,ND,ND,ND,ND,ND,0.0,ng/l
TW,6200043,101,477346,Saegertown Borough,Crawford,10/21/2020,ND,ND,ND,ND,ND,ND,ND,ND,ND,ND,ND,ND,ND,ND,ND,ND,ND,ND,0.0,ng/l
TW,6200043,102,477348,Saegertown Borough,Crawford,10/21/2020,ND,ND,ND,ND,ND,ND,ND,ND,ND,ND,ND,ND,ND,ND,ND,ND,ND,ND,0.0,ng/l
TW,6200043,105,477350,Saegertown Borough,Crawford,10/21/2020,ND,ND,ND,ND,ND,ND,ND,ND,ND,ND,8.6,ND,9.2,ND,79.4,ND,187.1,5.5,192.6,ng/l
TW,6200067,100,477646,Forest Green Estates,Crawford,3/24/2021,ND,ND,ND,ND,ND,ND,ND,ND,ND,ND,ND,ND,ND,ND,ND,ND,ND,ND,0.0,ng/l
TW,6200369,100,477642,US Bronze Foundry,Crawford,3/24/2021,ND,ND,ND,ND,ND,ND,ND,ND,ND,ND,ND,ND,ND,ND,ND,ND,ND,ND,0.0,ng/l
TW,6200939,101,477342,Moody Building 1,Crawford,10/20/2020,ND,ND,ND,ND,ND,ND,ND,ND,ND,ND,ND,ND,ND,ND,ND,ND,ND,ND,0.0,ng/l
TW,6201123,100,477352,Starn Tool & Manufacturing Co.,Crawford,10/21/2020,ND,ND,ND,ND,ND,ND,ND,ND,ND,ND,ND,ND,ND,ND,ND,ND,ND,ND,0.0,ng/l
TW,6201234,101,477340,Laurel Technical Institute,Crawford,10/20/2020,ND,ND,ND,ND,ND,ND,ND,ND,ND,ND,ND,ND,ND,ND,ND,ND,ND,ND,0.0,ng/l
TW,7210028,102,477580,Suez Mechanicsburg,Cumberland,2/24/2021,ND,ND,ND,ND,ND,ND,ND,ND,ND,ND,3.9,ND,3.8,ND,ND,ND,8.8,4.8,13.6,ng/l
TI,7210029,105,410-16342-1,PA American Water Co West,Cumberland,10/7/2020,ND,ND,ND,ND,ND,ND,ND,ND,ND,ND,ND,ND,ND,ND,ND,ND,2.0,ND,2.0,ng/l
TW,7210037,101,477578,Mount Holly Springs Boro,Cumberland,2/24/2021,ND,ND,ND,ND,ND,ND,ND,ND,ND,ND,ND,ND,ND,ND,ND,ND,ND,ND,0.0,ng/l
TW,7210053,101,477576,Southern Cumberland Water Auth,Cumberland,2/24/2021,ND,ND,ND,ND,ND,ND,ND,ND,ND,ND,ND,ND,ND,ND,ND,ND,ND,ND,0.0,ng/l
TW,7210333,101,477518,BB's Grocery Outlet Newburg,Cumberland,12/22/2020,ND,ND,ND,ND,ND,ND,ND,ND,ND,ND,ND,ND,ND,ND,ND,ND,ND,ND,0.0,ng/l
TW,7210344,101,410-16342-1,Ahlstrom Filtration,Cumberland,10/7/2020,ND,ND,ND,ND,ND,ND,ND,ND,ND,ND,ND,ND,ND,ND,ND,ND,ND,ND,0.0,ng/l
TW,7210946,101,477506,Silver Spring Presbyterian,Cumberland,12/22/2020,ND,ND,ND,ND,ND,ND,ND,ND,ND,ND,6.4,ND,ND,ND,ND,ND,ND,ND,0.0,ng/l
TW,7220022,102,410-22024-1,Lykens Boro Auth,Dauphin,11/24/2020,ND,ND,ND,ND,ND,ND,ND,ND,ND,ND,ND,ND,ND,ND,ND,ND,ND,ND,0.0,ng/l
TW,7220029,100,410-17893-1,Pine Manor MHP,Dauphin,10/21/2020,ND,ND,ND,ND,ND,ND,ND,ND,ND,ND,4.0,ND,6.3,2.1,3.2,ND,7.3,5.9,13.2,ng/l
TW/TI,7220034,101,477610,Millersburg Water Authority,Dauphin,3/3/2021,ND,ND,ND,ND,ND,ND,ND,ND,ND,ND,ND,ND,ND,ND,ND,ND,ND,ND,0.0,ng/l
TW,7220038,100,410-21932-1,Suez Middletown,Dauphin,11/24/2020,ND,ND,ND,ND,ND,ND,ND,ND,ND,ND,2.4,ND,4.2,ND,5.1,ND,11.0,3.0,14.0,ng/l
TW,7220038,102,477570,Suez Middletown,Dauphin,3/23/2021,ND,ND,ND,ND,ND,ND,ND,ND,ND,ND,ND,ND,3.8,ND,4.1,ND,7.4,4.2,11.6,ng/l
TW,7220038,103,410-21932-1,Suez Middletown,Dauphin,11/24/2020,ND,ND,ND,ND,ND,ND,ND,ND,ND,ND,2.3,ND,3.8,ND,2.9,ND,5.6,3.5,9.1,ng/l
TW,7220047,101,410-22024-1,Loyalton Water Assn,Dauphin,11/24/2020,ND,ND,ND,ND,ND,ND,ND,ND,ND,ND,ND,ND,ND,ND,ND,ND,ND,ND,0.0,ng/l
TW,7220048,101,477558,Short Mountain Village MHP,Dauphin,2/17/2021,ND,ND,ND,ND,ND,ND,ND,ND,ND,ND,ND,ND,ND,ND,ND,ND,ND,ND,0.0,ng/l
BI,7220049,101,477582,Capitol Region Water,Dauphin,2/24/2021,ND,ND,ND,ND,ND,ND,ND,ND,ND,ND,ND,ND,ND,ND,ND,ND,ND,ND,0.0,ng/l
TW,7220310,101,410-22024-1,Upper Dauphin Middle School,Dauphin,11/24/2020,ND,ND,ND,ND,ND,ND,ND,ND,ND,ND,12.0,ND,2.1,4.4,ND,ND,2.3,4.6,6.9,ng/l
TW,7220373,101,477514,Londonderry Elementary School,Dauphin,12/22/2020,ND,ND,ND,ND,ND,ND,ND,ND,ND,ND,ND,ND,ND,ND,ND,ND,ND,ND,0.0,ng/l
BW,7220418,101,477648,Yellow Breeches Ed Center,Dauphin,3/31/2021,ND,ND,ND,ND,ND,ND,ND,ND,ND,ND,ND,ND,ND,ND,ND,ND,ND,ND,0.0,ng/l
TW,7220845,100,477574,Free Grace BIC,Dauphin,2/23/2021,ND,ND,ND,ND,ND,ND,ND,ND,ND,ND,ND,ND,ND,ND,ND,ND,ND,ND,0.0,ng/l
TI,1460073,138,477079,Aqua PA Main,Delaware,2/19/2020,ND,ND,ND,ND,ND,ND,ND,ND,ND,ND,7.1,ND,ND,ND,ND,8.5,ND,7.3,7.3,ng/l
BW,6240020,113,410-21556-1,Jones Twp Municipal Authority,Elk,11/18/2020,ND,ND,ND,ND,ND,ND,ND,ND,ND,ND,ND,ND,ND,ND,ND,ND,ND,ND,0.0,ng/l
TW,6250038,100,477632,Old Orchard Subdivision,Erie,3/23/2021,ND,ND,ND,ND,ND,ND,ND,ND,ND,ND,ND,ND,ND,ND,ND,ND,ND,ND,0.0,ng/l
TW,6250049,102,477634,Girard Borough,Erie,3/23/2021,ND,ND,ND,ND,ND,ND,ND,ND,ND,ND,ND,ND,ND,ND,ND,ND,ND,ND,0.0,ng/l
TW,6250092,100,477638,Washington Twp Water System,Erie,3/24/2021,ND,ND,ND,ND,ND,ND,ND,ND,ND,ND,ND,ND,ND,ND,ND,ND,ND,ND,0.0,ng/l
TW,6250097,101,477636,Frelighs Whispering Pines,Erie,3/23/2021,ND,ND,ND,ND,ND,ND,ND,ND,ND,ND,ND,ND,ND,ND,ND,ND,ND,ND,0.0,ng/l
TW,5260011,101,477330,Indian Creek Valley Water Auth,Fayette,10/15/2020,ND,ND,ND,ND,ND,ND,ND,ND,ND,ND,ND,ND,ND,ND,ND,ND,ND,ND,0.0,ng/l
BI,5260011,103,477332,Indian Creek Valley Water Auth,Fayette,10/15/2020,ND,ND,ND,ND,ND,ND,ND,ND,ND,ND,ND,ND,ND,ND,ND,ND,ND,ND,0.0,ng/l
TW,5260042,101,477328,New Meadow Run,Fayette,10/15/2020,ND,ND,ND,ND,ND,ND,ND,ND,ND,ND,ND,ND,ND,ND,ND,ND,ND,ND,0.0,ng/l
TW,5260043,101,477466,Spring Valley,Fayette,12/8/2020,ND,ND,ND,ND,ND,ND,ND,ND,ND,ND,ND,ND,ND,ND,ND,ND,ND,ND,0.0,ng/l
TW,5260045,101,477468,Nemacolin Woodlands,Fayette,12/8/2020,ND,ND,ND,ND,ND,ND,ND,ND,ND,ND,ND,ND,ND,ND,ND,ND,ND,ND,0.0,ng/l
BW,6270008,101,410-21555-1,Aqua PA Jenks Twp WTP,Forest,11/18/2020,ND,ND,ND,ND,ND,ND,ND,ND,ND,ND,ND,ND,ND,ND,ND,ND,ND,ND,0.0,ng/l
BW,7280038,103,410-16342-1,Guilford Water Auth,Franklin,10/7/2020,ND,ND,ND,ND,ND,ND,ND,ND,ND,ND,ND,ND,ND,ND,ND,ND,ND,ND,0.0,ng/l
TW,7280043,101,477524,Bear Valley Joint Authority,Franklin,12/22/2020,ND,ND,ND,ND,ND,ND,ND,ND,ND,ND,ND,ND,ND,ND,ND,ND,ND,ND,0.0,ng/l
TW,7280333,101,477526,Mowrey Elementary School,Franklin,12/22/2020,ND,ND,ND,ND,ND,ND,ND,ND,ND,ND,ND,ND,ND,ND,ND,ND,ND,ND,0.0,ng/l
TW,7280952,101,477516,Chambersburg Waste Paper,Franklin,12/22/2020,ND,ND,ND,ND,ND,ND,ND,ND,ND,ND,34.3,ND,3.6,4.5,ND,ND,5.8,7.4,13.2,ng/l
TW,4290005,104,477520,McConnellsburg Boro Muni Authority,Fulton,12/22/2020,ND,ND,ND,ND,ND,ND,ND,ND,ND,ND,ND,ND,ND,ND,6.4,ND,10.3,ND,10.3,ng/l
TW,4290005,105,477522,McConnellsburg Boro Muni Authority,Fulton,12/22/2020,ND,ND,ND,ND,ND,ND,ND,ND,ND,ND,ND,ND,ND,ND,6.0,ND,7.9,ND,7.9,ng/l
TW,4290825,101,477598,Orchard Business Park,Fulton,2/25/2021,ND,ND,ND,ND,ND,ND,ND,ND,ND,ND,ND,ND,ND,ND,ND,ND,ND,ND,0.0,ng/l
TW,4290825,102,477600,Orchard Business Park,Fulton,2/25/2021,ND,ND,ND,ND,ND,ND,ND,ND,ND,ND,ND,ND,ND,ND,ND,ND,ND,ND,0.0,ng/l
TW,4290825,103,477602,Orchard Business Park,Fulton,2/25/2021,ND,ND,ND,ND,ND,ND,ND,ND,ND,ND,ND,ND,ND,ND,ND,ND,ND,ND,0.0,ng/l
TW,4310016,104,477206,Mount Union Municipal Authority,Huntingdon,8/25/2020,ND,ND,ND,ND,ND,ND,ND,ND,ND,ND,ND,ND,ND,ND,ND,ND,ND,ND,0.0,ng/l
BW,4310023,101,477334,Broadtop City Water Auth,Huntingdon,10/15/2020,ND,ND,ND,ND,ND,ND,ND,ND,ND,ND,ND,ND,ND,ND,ND,ND,ND,ND,0.0,ng/l
BW,4310030,102,410-21188-1,Three Springs Boro Water Co,Huntingdon,11/17/2020,ND,ND,ND,ND,ND,ND,ND,ND,ND,ND,ND,ND,ND,ND,ND,ND,ND,ND,0.0,ng/l
BW,4310030,103,410-21188-1,Three Springs Boro Water Co,Huntingdon,11/17/2020,ND,ND,ND,ND,ND,ND,ND,ND,ND,ND,ND,ND,ND,ND,ND,ND,ND,ND,0.0,ng/l
BW,5320382,100,477626,Rosebud Barrett Mine,Indiana,3/3/2021,ND,ND,ND,ND,ND,ND,ND,ND,ND,ND,ND,ND,ND,ND,ND,ND,ND,ND,0.0,ng/l
TW,6330011,119,477488,Reynoldsville Water Authority,Jefferson,12/10/2020,ND,ND,ND,ND,ND,ND,ND,ND,ND,ND,ND,ND,ND,ND,ND,ND,ND,ND,0.0,ng/l
TW,6330809,100,410-21555-1,Dubois Regional Airport,Jefferson,11/18/2020,ND,ND,ND,ND,ND,ND,ND,ND,ND,ND,10.0,ND,ND,ND,ND,ND,ND,ND,0.0,ng/l
TW,6330863,101,477426,Creative Garden Child Care,Jefferson,11/19/2020,ND,ND,ND,ND,ND,ND,ND,ND,ND,ND,ND,ND,ND,ND,ND,ND,ND,ND,0.0,ng/l
TW,4340017,102,477458,Orchard Hills Apts,Juniata,12/3/2020,ND,ND,ND,ND,ND,ND,ND,ND,ND,ND,ND,ND,ND,ND,ND,ND,ND,ND,0.0,ng/l
TW,2350012,101,410-25181,Tall Timbers Village,Lackawanna,12/29/2020,ND,ND,ND,ND,ND,ND,ND,ND,ND,ND,ND,ND,ND,ND,ND,ND,ND,ND,0.0,ng/l
TW,2350326,100,477272,Jefferson Elementary School,Lackawanna,9/22/2020,ND,ND,ND,ND,ND,ND,ND,ND,ND,ND,ND,ND,ND,ND,ND,ND,ND,ND,0.0,ng/l
TW,2350470,100,477274,Katrinas Creative Learning Center,Lackawanna,9/22/2020,ND,ND,ND,ND,ND,ND,ND,ND,ND,ND,ND,ND,ND,ND,ND,ND,ND,ND,0.0,ng/l
TW,2350603,100,477236,Cascades Tissue Group,Lackawanna,9/3/2020,ND,ND,ND,ND,ND,ND,ND,ND,ND,ND,ND,ND,ND,ND,ND,ND,ND,ND,0.0,ng/l
TW,2350872,101,477378,Crystal Window & Door,Lackawanna,11/3/2020,ND,ND,ND,ND,ND,ND,ND,ND,ND,ND,ND,ND,ND,ND,ND,ND,ND,ND,0.0,ng/l
TW,2350897,101,477376,Maid Rite Steak Company,Lackawanna,11/3/2020,ND,ND,ND,ND,ND,ND,ND,ND,ND,ND,ND,ND,ND,ND,ND,ND,ND,ND,0.0,ng/l
TW,2359008,108,410-26481,PAWC Lake Scranton,Lackawanna,1/14/2021,ND,ND,ND,ND,ND,ND,ND,ND,ND,ND,ND,ND,ND,ND,ND,ND,ND,ND,0.0,ng/l
TW,2359008,109,410-26481,PAWC Lake Scranton,Lackawanna,1/14/2021,ND,ND,ND,ND,ND,ND,ND,ND,ND,ND,ND,ND,ND,ND,ND,ND,ND,ND,0.0,ng/l
TI,7360058,102,477166,City of Lancaster,Lancaster,8/12/2020,ND,ND,ND,ND,ND,ND,ND,ND,ND,ND,10.5,ND,4.9,4.3,ND,ND,ND,9.0,9.0,ng/l
TW,7360079,100,477222,Ridgewood Manor MHP,Lancaster,8/26/2020,ND,ND,ND,ND,ND,ND,ND,ND,ND,ND,ND,ND,ND,ND,ND,ND,ND,ND,0.0,ng/l
TW,7360092,101,410-17893-1,Pinehurst Manor,Lancaster,10/21/2020,ND,ND,ND,ND,ND,ND,ND,ND,ND,ND,ND,ND,ND,ND,ND,ND,ND,ND,0.0,ng/l
TW,7360113,102,410-19443-1,East Cocalico Township,Lancaster,11/4/2020,ND,ND,ND,ND,ND,ND,ND,ND,ND,ND,ND,ND,5.1,ND,ND,ND,3.1,3.0,6.1,ng/l
TW,7360113,108,410-19443-1,East Cocalico Township,Lancaster,11/4/2020,ND,ND,ND,ND,ND,ND,ND,ND,ND,ND,ND,ND,ND,ND,ND,ND,ND,ND,0.0,ng/l
TW,7360140,101,477564,Upper Leacock Twp,Lancaster,3/23/2021,ND,ND,ND,ND,ND,ND,ND,ND,ND,ND,11.4,ND,3.3,7.6,ND,ND,7.1,9.2,16.3,ng/l
TW,7360141,100,410-19443-1,West Cocalico Twp Water Auth,Lancaster,11/4/2020,ND,ND,ND,ND,ND,ND,ND,ND,ND,ND,8.5,ND,7.9,5.8,4.2,ND,11.0,12.0,23.0,ng/l
TW,7360161,101,410-19443-1,Green Acres,Lancaster,11/4/2020,ND,ND,ND,ND,ND,ND,ND,ND,ND,ND,ND,ND,ND,ND,ND,ND,ND,ND,0.0,ng/l
TW,7360402,101,477374,Steel Fab Enterprises,Lancaster,11/5/2020,ND,ND,ND,ND,ND,ND,ND,ND,ND,ND,ND,ND,ND,ND,ND,ND,ND,ND,0.0,ng/l
TW,7360468,101,477534,Circle M Campground,Lancaster,1/13/2021,ND,ND,ND,ND,ND,ND,ND,ND,ND,ND,ND,ND,7.1,ND,ND,3.9,ND,ND,0.0,ng/l
TW,7360490,101,410-15675-1,Lanchester Landfill,Lancaster,10/1/2020,ND,ND,ND,ND,ND,ND,ND,ND,ND,ND,ND,ND,ND,ND,ND,ND,ND,ND,0.0,ng/l
TW,7360515,100,477566,Leola Industrial Center,Lancaster,3/23/2021,ND,ND,ND,ND,ND,ND,ND,ND,ND,ND,43.1,ND,ND,16.0,ND,ND,ND,31.3,31.3,ng/l
TW,7360733,100,477562,Whitley East,Lancaster,3/23/2021,ND,ND,ND,ND,ND,ND,ND,ND,ND,ND,ND,ND,ND,ND,ND,ND,3.6,ND,3.6,ng/l
TW,7360880,101,477370,Buck Company Inc.,Lancaster,11/5/2020,ND,ND,ND,ND,ND,ND,ND,ND,ND,ND,ND,ND,ND,ND,ND,ND,ND,ND,0.0,ng/l
TW,7360885,101,410-25233,Conestoga Wood Specialties,Lancaster,12/30/2020,ND,ND,ND,ND,ND,ND,ND,ND,ND,ND,ND,ND,ND,ND,ND,ND,1.8,ND,1.8,ng/l
TW,7360885,103,410-15675-1,Conestoga Wood Specialties,Lancaster,10/1/2020,ND,ND,ND,ND,ND,ND,ND,ND,ND,ND,ND,ND,ND,ND,ND,ND,ND,ND,0.0,ng/l
TW,7360885,104,410-25233,Conestoga Wood Specialties,Lancaster,12/30/2020,ND,ND,ND,ND,ND,ND,ND,ND,ND,ND,ND,ND,ND,ND,ND,ND,ND,ND,0.0,ng/l
TW,7360967,100,410-27132,Berk Tek,Lancaster,1/21/2021,ND,ND,ND,ND,ND,ND,ND,ND,ND,ND,2.2,ND,ND,ND,ND,ND,ND,ND,0.0,ng/l
TW,7360976,100,477258,Conestoga Valley School Admin,Lancaster,9/9/2020,ND,ND,ND,ND,ND,ND,ND,ND,ND,ND,14.8,ND,ND,5.3,ND,9.3,5.0,4.7,9.7,ng/l
TW,7360978,101,410-17893-1,Lanc Co Sol Wast Mgt Res Recov,Lancaster,10/21/2020,ND,ND,ND,ND,ND,ND,ND,ND,ND,ND,2.6,ND,ND,ND,ND,ND,ND,ND,0.0,ng/l
TW,7361010,101,477560,Valco (Vallorb),Lancaster,3/23/2021,ND,ND,ND,ND,ND,ND,ND,ND,ND,ND,ND,ND,ND,ND,ND,ND,ND,ND,0.0,ng/l
TW,7361105,100,477252,B J Baldwin Electric Inc,Lancaster,9/9/2020,ND,ND,ND,ND,ND,ND,ND,ND,ND,ND,12.7,ND,3.9,4.7,11.1,ND,ND,4.9,4.9,ng/l
TW,7361114,101,477256,Ames Reese Inc.,Lancaster,9/9/2020,ND,ND,ND,ND,ND,ND,ND,ND,ND,ND,ND,ND,ND,ND,ND,ND,ND,ND,0.0,ng/l
TI,6370034,101,477536,PAWC New Castle,Lawrence,1/14/2021,ND,ND,ND,ND,ND,ND,ND,ND,ND,ND,ND,ND,ND,ND,ND,ND,ND,ND,0.0,ng/l
TW,7380039,101,477442,Mt Gretna Heights Water Sys,Lebanon,12/1/2020,ND,ND,ND,ND,ND,ND,ND,ND,ND,ND,ND,ND,ND,ND,ND,ND,ND,ND,0.0,ng/l
TW,7380040,101,410-16558-1,West Lebanon Twp Water Supply,Lebanon,10/8/2020,ND,ND,ND,ND,ND,ND,ND,ND,ND,ND,ND,ND,ND,ND,ND,ND,ND,ND,0.0,ng/l
TW,7380357,101,477446,Myerstown Mennonite Sch,Lebanon,12/1/2020,ND,ND,ND,ND,ND,ND,ND,ND,ND,ND,ND,ND,ND,ND,ND,ND,ND,ND,0.0,ng/l
TW/TI,3390024,101,410-19733-1,LCA Allentown Division,Lehigh,11/5/2020,ND,ND,ND,ND,ND,ND,ND,ND,ND,ND,4.1,ND,2.8,2.1,ND,ND,3.2,3.8,7.0,ng/l
TW,3390031,101,477402,Terryhill Estates MHP,Lehigh,11/13/2020,ND,ND,ND,ND,ND,ND,ND,ND,ND,ND,ND,ND,ND,ND,ND,ND,ND,ND,0.0,ng/l
TW,3390032,106,410-19733-1,Emmaus Borough Public Water,Lehigh,11/5/2020,ND,ND,ND,ND,ND,ND,ND,ND,ND,ND,14.0,2.0,31.0,6.2,10.0,14.0,29.0,11.0,40.0,ng/l
TW,3390065,113,477400,SWTA - Main System,Lehigh,11/13/2020,ND,ND,ND,ND,ND,ND,ND,ND,ND,ND,ND,ND,ND,ND,ND,ND,ND,ND,0.0,ng/l
TW,3390073,105,477396,LCA WLSA Central Division,Lehigh,11/13/2020,ND,ND,ND,ND,ND,ND,ND,ND,ND,ND,ND,ND,ND,ND,ND,ND,ND,ND,0.0,ng/l
TW,3480032,101,477087,Walnutport Authority,Lehigh,2/20/2020,ND,ND,ND,ND,ND,ND,ND,ND,ND,ND,ND,ND,ND,ND,ND,ND,ND,ND,0.0,ng/l
TW,3480032,105,477085,Walnutport Authority,Lehigh,2/20/2020,ND,ND,ND,ND,ND,ND,ND,ND,ND,ND,ND,ND,ND,ND,ND,ND,ND,ND,0.0,ng/l
TW,2400055,101,477444,Maple Lane Estates,Luzerne,12/1/2020,ND,ND,ND,ND,ND,ND,ND,ND,ND,ND,ND,ND,ND,ND,ND,ND,ND,ND,0.0,ng/l
TW,2400394,101,477238,Northwest Senior High School,Luzerne,9/3/2020,ND,ND,ND,ND,ND,ND,ND,ND,ND,ND,ND,ND,ND,ND,ND,ND,ND,ND,0.0,ng/l
TW,2400806,101,477388,Humboldt Industrial Park,Luzerne,11/12/2020,ND,ND,ND,ND,ND,ND,ND,ND,ND,ND,ND,ND,ND,ND,ND,ND,ND,ND,0.0,ng/l
TW,2400806,102,477390,Humboldt Industrial Park,Luzerne,11/12/2020,ND,ND,ND,ND,ND,ND,ND,ND,ND,ND,ND,ND,ND,ND,ND,ND,ND,ND,0.0,ng/l
TW,2400806,105,477392,Humboldt Industrial Park,Luzerne,11/12/2020,ND,ND,ND,ND,ND,ND,ND,ND,ND,ND,6.3,ND,ND,ND,ND,ND,ND,ND,0.0,ng/l
TW,2400806,106,477394,Humboldt Industrial Park,Luzerne,11/12/2020,ND,ND,ND,ND,ND,ND,ND,ND,ND,ND,ND,ND,ND,ND,ND,ND,ND,ND,0.0,ng/l
TW,2400919,101,477436,Hazle Park Packing,Luzerne,12/1/2020,ND,ND,ND,ND,ND,ND,ND,ND,ND,ND,ND,ND,ND,ND,ND,ND,7.7,5.3,13.0,ng/l
TW,2408007,101,477450,HCA Delano Park Place,Luzerne,12/2/2020,ND,ND,ND,ND,ND,ND,ND,ND,ND,ND,ND,ND,ND,ND,ND,ND,ND,ND,0.0,ng/l
TW,4410027,101,477496,Orchard MHP,Lycoming,12/15/2020,ND,ND,ND,ND,ND,ND,ND,ND,ND,ND,ND,ND,ND,ND,ND,ND,ND,ND,0.0,ng/l
TW,4410153,100,477498,Oak Lynn Manor MHP,Lycoming,12/15/2020,ND,ND,ND,ND,ND,ND,ND,ND,ND,ND,ND,ND,ND,ND,ND,ND,5.0,ND,5.0,ng/l
TW,4410173,101,410-15417-1,Williamsport Mun Water Auth,Lycoming,9/29/2020,ND,ND,ND,ND,ND,ND,ND,ND,ND,ND,3.6,ND,ND,2.3,4.5,7.5,3.7,2.3,6.0,ng/l
TW,4410175,101,410-15417-1,Montoursville Water Company,Lycoming,9/29/2020,ND,ND,ND,ND,ND,ND,ND,ND,ND,ND,ND,ND,ND,ND,5.1,ND,ND,ND,0.0,ng/l
TW,4410175,102,410-15417-1,Montoursville Water Company,Lycoming,9/29/2020,ND,ND,ND,ND,ND,ND,ND,ND,ND,ND,3.9,ND,2.2,2.7,3.9,ND,9.9,5.6,15.5,ng/l
TW,4410178,103,477494,Hughesville Borough Water Auth,Lycoming,12/15/2020,ND,ND,ND,ND,ND,ND,ND,ND,ND,ND,ND,ND,ND,ND,ND,ND,4.5,ND,4.5,ng/l
TW,4410303,100,477182,Fairfield Ford,Lycoming,8/18/2020,ND,ND,ND,ND,ND,ND,ND,ND,ND,ND,ND,ND,ND,ND,ND,ND,5.1,ND,5.1,ng/l
TW,4410415,101,477184,New Covenant Kids Kare,Lycoming,8/18/2020,ND,ND,ND,ND,ND,ND,ND,ND,ND,ND,ND,ND,ND,ND,ND,ND,ND,ND,0.0,ng/l
TW,4410949,101,477186,Pennsylvania College of Technology,Lycoming,8/18/2020,ND,ND,ND,ND,ND,ND,ND,ND,ND,ND,ND,ND,ND,ND,ND,ND,ND,ND,0.0,ng/l
TW,4410999,101,477180,Susquhanna Div PP&L,Lycoming,8/18/2020,ND,ND,ND,ND,ND,ND,ND,ND,ND,ND,ND,ND,ND,ND,ND,ND,ND,ND,0.0,ng/l
BW,6420013,101,410-18884-1,Rew Water Association,McKean,10/28/2020,ND,ND,ND,ND,ND,ND,ND,ND,ND,ND,ND,ND,ND,ND,ND,ND,ND,ND,0.0,ng/l
BW,6420016,101,410-18884-1,Eldred Borough Water Auth,McKean,10/28/2020,ND,ND,ND,ND,ND,ND,ND,ND,ND,ND,ND,ND,ND,ND,ND,ND,ND,ND,0.0,ng/l
TW,6430049,101,477654,Buhl Community Water,Mercer,3/31/2021,ND,ND,ND,ND,ND,ND,ND,ND,ND,ND,ND,ND,ND,ND,ND,ND,ND,ND,0.0,ng/l
TI,6430054,101,410-21554-1,Aqua PA Shenango Valley WTP,Mercer,11/17/2020,ND,ND,ND,ND,ND,ND,ND,ND,ND,ND,ND,ND,ND,ND,ND,ND,ND,ND,0.0,ng/l
TI,6430057,101,410-21554-1,Reynolds Water Company,Mercer,11/17/2020,ND,ND,ND,ND,ND,ND,ND,ND,ND,ND,ND,ND,ND,ND,ND,ND,ND,ND,0.0,ng/l
TW,6430300,100,410-21554-1,Commodore Perry School,Mercer,11/17/2020,ND,ND,ND,ND,ND,ND,ND,ND,ND,ND,4.2,ND,ND,ND,ND,ND,ND,ND,0.0,ng/l
TW,4440005,101,410-18860-1,North Hills MHP,Mifflin,10/29/2020,ND,ND,ND,ND,ND,ND,ND,ND,ND,ND,ND,ND,ND,ND,ND,ND,ND,ND,0.0,ng/l
TW,4440005,102,410-18860-1,North Hills MHP,Mifflin,10/29/2020,ND,ND,ND,ND,ND,ND,ND,ND,ND,ND,ND,ND,ND,ND,ND,ND,ND,ND,0.0,ng/l
TW,4440016,101,477456,Forest Hills Apts,Mifflin,12/3/2020,ND,ND,ND,ND,ND,ND,ND,ND,ND,ND,ND,ND,ND,ND,ND,ND,ND,ND,0.0,ng/l
TW,2450005,101,477268,Barton Court,Monroe,9/10/2020,ND,ND,ND,ND,ND,ND,ND,ND,ND,ND,ND,ND,ND,ND,ND,ND,ND,ND,0.0,ng/l
TW,2450022,104,410-25181,Delaware Water Gap,Monroe,12/29/2020,ND,ND,ND,ND,ND,ND,ND,ND,ND,ND,ND,ND,ND,ND,ND,ND,2.3,ND,2.3,ng/l
TW,2450022,167,410-25181,Delaware Water Gap,Monroe,12/29/2020,ND,ND,ND,ND,ND,ND,ND,ND,ND,ND,ND,ND,ND,ND,ND,ND,2.2,ND,2.2,ng/l
TW,2450023,103,410-24753,East Stroudsburg Boro Water,Monroe,12/22/2020,ND,ND,ND,ND,ND,ND,ND,ND,ND,ND,ND,ND,ND,ND,ND,ND,ND,ND,0.0,ng/l
TW,2450023,104,410-24753,East Stroudsburg Boro Water,Monroe,12/22/2020,ND,ND,ND,ND,ND,ND,ND,ND,ND,ND,ND,ND,ND,ND,ND,ND,ND,ND,0.0,ng/l
TW,2450028,101,410-24753,Pocono Mobile Home Estates,Monroe,12/22/2020,ND,ND,ND,ND,ND,ND,ND,ND,ND,ND,ND,ND,ND,ND,ND,ND,ND,2.5,2.5,ng/l
TW,2450049,102,477404,Manwalamink Water Company,Monroe,11/12/2020,ND,ND,ND,ND,ND,ND,ND,ND,ND,ND,ND,ND,ND,ND,ND,ND,ND,ND,0.0,ng/l
TW,2450049,103,410-25181,Manwalamink,Monroe,12/29/2020,ND,ND,ND,ND,ND,ND,ND,ND,ND,ND,ND,ND,ND,ND,ND,ND,ND,ND,0.0,ng/l
TW,2450053,101,477276,Tobyhanna Army Depot,Monroe,9/24/2020,ND,ND,ND,ND,ND,ND,ND,ND,ND,ND,ND,ND,ND,ND,4.5,ND,12.1,ND,12.1,ng/l
TW,2450063,104,477280,PAWC Pocono District,Monroe,9/24/2020,ND,ND,ND,ND,ND,ND,ND,ND,ND,ND,ND,ND,ND,ND,ND,ND,3.8,4.6,8.4,ng/l
TW,2450068,101,477278,Mushroom Farm,Monroe,9/24/2020,ND,ND,ND,ND,ND,ND,ND,ND,ND,ND,ND,ND,ND,ND,ND,ND,ND,ND,0.0,ng/l
TW,2450084,102,477336,Lynwood Acres MHP,Monroe,10/14/2020,ND,ND,ND,ND,ND,ND,ND,ND,ND,ND,ND,ND,ND,ND,ND,ND,ND,ND,0.0,ng/l
TW,2450105,101,477262,Monroe County Correctional Facility,Monroe,9/10/2020,ND,ND,ND,ND,ND,ND,ND,ND,ND,ND,ND,ND,ND,ND,ND,ND,ND,ND,0.0,ng/l
TW,2450106,101,410-26088,Poco Apartments (Lower),Monroe,1/12/2021,ND,ND,ND,ND,ND,ND,ND,ND,ND,ND,ND,ND,ND,ND,ND,ND,ND,ND,0.0,ng/l
TW,2450107,101,410-26088,Poco Apartments (Upper),Monroe,1/12/2021,ND,ND,ND,ND,ND,ND,ND,ND,ND,ND,ND,ND,ND,ND,ND,ND,ND,2.1,2.1,ng/l
TW,2450129,101,410-24753,Rocky Ridge Motel,Monroe,12/22/2020,ND,ND,ND,ND,ND,ND,ND,ND,ND,ND,ND,ND,ND,ND,ND,ND,ND,2.6,2.6,ng/l
TW,2450133,101,410-24753,PAWC Blue Mountain Lake,Monroe,12/22/2020,ND,ND,ND,ND,ND,ND,ND,ND,ND,ND,ND,ND,ND,ND,ND,ND,ND,ND,0.0,ng/l
TW,2450378,101,477176,Polk Elementary,Monroe,8/12/2020,ND,ND,ND,ND,ND,ND,ND,ND,ND,ND,ND,ND,ND,ND,ND,ND,ND,ND,0.0,ng/l
TW,2450405,101,477260,Snydersville Diner,Monroe,9/10/2020,ND,ND,ND,ND,ND,ND,ND,ND,ND,ND,ND,ND,ND,ND,ND,ND,ND,ND,0.0,ng/l
TW,2450409,101,477266,Burnley Workshop,Monroe,9/10/2020,ND,ND,ND,ND,ND,ND,ND,ND,ND,ND,ND,ND,ND,ND,ND,ND,ND,ND,0.0,ng/l
TW,2450473,101,477338,West Rock / Rock Tenn Corp,Monroe,10/14/2020,ND,ND,ND,ND,ND,ND,ND,ND,ND,ND,ND,ND,ND,ND,ND,ND,ND,ND,0.0,ng/l
TW,2450837,101,477270,Little Discoveries Daycare,Monroe,9/10/2020,ND,ND,ND,ND,ND,ND,ND,ND,ND,ND,ND,ND,ND,ND,ND,ND,ND,ND,0.0,ng/l
TW,2450948,101,0477407*,Christian Life Assembly,Monroe,11/12/2020,ND,ND,ND,ND,ND,ND,ND,ND,ND,ND,ND,ND,ND,ND,ND,ND,ND,ND,0.0,ng/l
TW,2451345,101,410-26088,Sunny Day Preschool,Monroe,1/12/2021,ND,ND,ND,ND,ND,ND,ND,ND,ND,ND,ND,ND,ND,ND,ND,ND,ND,5.3,5.3,ng/l
TW,2451385,101,477264,Monroe County Safety Center,Monroe,9/10/2020,ND,ND,ND,ND,ND,ND,ND,ND,ND,ND,ND,ND,ND,ND,ND,ND,ND,ND,0.0,ng/l
TW,2451413,101,477282,Ray Price Mount Pocono,Monroe,9/24/2020,ND,ND,ND,ND,ND,ND,ND,ND,ND,ND,ND,ND,ND,ND,ND,ND,4.4,4.0,8.4,ng/l
TW,1460012,100,477228,WEC International,Montgomery,9/2/2020,ND,ND,ND,ND,ND,ND,ND,ND,ND,ND,5.5,ND,ND,3.9,4.2,ND,13.9,11.7,25.6,ng/l
TW,1460022,101,477031,Collegeville Trappe Joint PWD,Montgomery,2/11/2020,ND,ND,ND,ND,ND,ND,ND,ND,ND,ND,ND,ND,5.6,ND,ND,ND,8.6,7.5,16.1,ng/l
TW,1460022,109,477528,Collegeville Trappe Joint PWD,Montgomery,1/12/2021,ND,ND,ND,ND,ND,ND,ND,ND,ND,ND,ND,ND,ND,ND,ND,ND,7.4,12.8,20.2,ng/l
TI,1460023,101,477300,East Greenville Boro Water Dept,Montgomery,9/29/2020,ND,ND,ND,ND,ND,ND,ND,ND,ND,ND,ND,ND,ND,ND,ND,ND,ND,ND,0.0,ng/l
TW,1460023,102,477312,East Greenville Boro Water Dept,Montgomery,9/29/2020,ND,ND,ND,ND,ND,ND,ND,ND,ND,ND,6.5,ND,ND,ND,ND,5.1,5.7,8.5,14.2,ng/l
TW,1460034,113,410-19523-1,North Penn Water Authority,Montgomery,11/4/2020,ND,ND,ND,ND,ND,ND,ND,ND,ND,ND,3.7,ND,4.8,2.0,2.0,ND,5.2,6.4,11.6,ng/l
TW,1460034,125,410-19523-1,North Penn Water Authority,Montgomery,11/4/2020,ND,ND,ND,ND,ND,ND,ND,ND,ND,ND,12.0,ND,3.9,13.0,3.1,3.4,11.0,25.0,36.0,ng/l
TW,1460034,171,410-19523-1,North Penn Water Authority,Montgomery,11/4/2020,ND,ND,ND,ND,ND,ND,ND,ND,ND,ND,13.0,ND,11.0,8.9,2.7,2.1,13.0,10.0,23.0,ng/l
TW,1460036,104,410-19733-1,Upper Hanover Water Authority,Montgomery,11/5/2020,ND,ND,ND,ND,ND,ND,ND,ND,ND,ND,ND,ND,ND,ND,2.0,ND,4.2,3.4,7.6,ng/l
TW,1460039,102,410-19733-1,Red Hill Water Authority,Montgomery,11/5/2020,ND,ND,ND,ND,ND,ND,ND,ND,ND,ND,8.1,ND,27.0,5.8,2.8,ND,6.4,18.0,24.4,ng/l
TI,1460046,101,477011,PA American - Norristown,Montgomery,2/5/2020,ND,ND,ND,ND,ND,ND,ND,ND,ND,ND,4.0,ND,ND,ND,ND,ND,ND,5.4,5.4,ng/l
TW,1460048,112,477009,North Wales Water Auth.,Montgomery,2/5/2020,ND,ND,ND,ND,ND,ND,ND,ND,ND,ND,ND,ND,ND,ND,ND,ND,ND,ND,0.0,ng/l
TW,1460050,105,477017,Telford Borough Auth.,Montgomery,2/5/2020,ND,ND,ND,ND,ND,ND,ND,ND,ND,ND,87.5,ND,ND,32.6,ND,ND,7.5,9.6,17.1,ng/l
TW,1460055,107,477049,Audubon Water Company,Montgomery,2/14/2020,ND,ND,ND,ND,ND,ND,ND,ND,ND,ND,12.2,ND,3.9,8.3,4.9,ND,8.9,16.4,25.3,ng/l
TW,1460055,111,477057,Audubon Water Company,Montgomery,2/14/2020,ND,ND,ND,ND,ND,ND,ND,ND,ND,ND,ND,ND,ND,ND,ND,ND,ND,4.0,4.0,ng/l
TW,1460056,100,477047,St. Gabriels Hall,Montgomery,2/13/2020,ND,ND,ND,ND,ND,ND,ND,ND,ND,ND,5.2,ND,ND,ND,ND,9.6,6.6,8.1,14.7,ng/l
TW,1460062,101,477362,Avante Apartments,Montgomery,11/4/2020,ND,ND,ND,ND,ND,ND,ND,ND,ND,ND,ND,ND,ND,ND,8.5,ND,10.9,4.4,15.3,ng/l
TW,1460073,105,477041,Aqua PA Main System,Montgomery,2/13/2020,ND,ND,ND,ND,ND,ND,ND,ND,ND,ND,ND,ND,ND,ND,ND,ND,4.8,4.8,9.6,ng/l
TW,1460073,107,477039,Aqua PA Main System,Montgomery,2/13/2020,ND,ND,ND,ND,ND,ND,ND,ND,ND,ND,ND,ND,3.5,ND,5.4,ND,7.6,7.1,14.7,ng/l
TI,1460073,116,477045,Aqua PA Main System,Montgomery,2/13/2020,ND,ND,ND,ND,ND,ND,ND,ND,ND,ND,ND,ND,ND,ND,ND,ND,ND,ND,0.0,ng/l
TI,1460073,117,477043,Aqua PA Main System,Montgomery,2/13/2020,ND,ND,ND,ND,ND,ND,ND,ND,ND,ND,ND,ND,ND,ND,ND,ND,ND,4.6,4.6,ng/l
TW,1460086,101,477364,St. Lukes Knoll,Montgomery,11/4/2020,ND,ND,ND,ND,ND,ND,ND,ND,ND,ND,ND,ND,6.4,ND,4.4,ND,9.1,8.6,17.7,ng/l
TW,1460340,101,410-19523-1,Gilbertsville Elementary,Montgomery,11/4/2020,ND,ND,ND,ND,ND,ND,ND,ND,ND,ND,29.0,ND,2.8,6.8,2.6,1.8,6.6,12.0,18.6,ng/l
TW,4470012,100,477486,Geisinger Medical Center,Montour,12/9/2020,ND,ND,ND,ND,ND,ND,ND,ND,ND,ND,ND,ND,ND,ND,ND,ND,ND,ND,0.0,ng/l
TW,3480044,105,477029,Royal Oaks MHP,Northampton,2/6/2020,ND,ND,ND,ND,ND,ND,ND,ND,ND,ND,ND,ND,ND,ND,ND,ND,ND,ND,0.0,ng/l
BI,3480046,101,477083,City of Bethlehem,Northampton,2/20/2020,ND,ND,ND,ND,ND,ND,ND,ND,ND,ND,ND,ND,ND,ND,ND,ND,ND,ND,0.0,ng/l
TW,3480052,102,477021,Hellertown Boro Auth,Northampton,2/6/2020,ND,ND,ND,ND,ND,ND,ND,ND,ND,ND,ND,ND,ND,ND,ND,ND,ND,ND,0.0,ng/l
TW,3480052,103,477019,Hellertown Boro Auth,Northampton,2/6/2020,ND,ND,ND,ND,ND,ND,ND,ND,ND,ND,ND,ND,ND,ND,ND,ND,ND,ND,0.0,ng/l
TW,3480055,103,477178,PAW Blue Mtn Div.,Northampton,8/12/2020,ND,ND,ND,ND,ND,ND,ND,ND,ND,ND,ND,ND,ND,ND,ND,ND,ND,ND,0.0,ng/l
TW,3480066,103,477023,Bath Municipal Water Works,Northampton,2/6/2020,ND,ND,ND,ND,ND,ND,ND,ND,ND,ND,ND,ND,ND,ND,ND,ND,ND,ND,0.0,ng/l
TW,3480066,104,477025,Bath Municipal Water Works,Northampton,2/6/2020,ND,ND,ND,ND,ND,ND,ND,ND,ND,ND,5.0,ND,ND,ND,ND,ND,ND,ND,0.0,ng/l
TW,4490004,101,477502,Bucknell View MHP,Northumberland,12/15/2020,ND,ND,ND,ND,ND,ND,ND,ND,ND,ND,ND,ND,ND,ND,ND,ND,ND,ND,0.0,ng/l
BW,4490020,101,477658,Herndon Boro Jackson Twp JMA,Northumberland,3/31/2021,ND,ND,ND,ND,ND,ND,ND,ND,ND,ND,ND,ND,ND,ND,ND,ND,ND,ND,0.0,ng/l
TW,4490021,100,477500,D&H Trailer Park,Northumberland,12/15/2020,ND,ND,ND,ND,ND,ND,ND,ND,ND,ND,ND,ND,ND,ND,ND,ND,ND,ND,0.0,ng/l
BI,4490023,102,410-18882-1,PA American White Deer,Northumberland,10/29/2020,ND,ND,ND,ND,ND,ND,ND,ND,ND,ND,ND,ND,ND,ND,ND,ND,ND,ND,0.0,ng/l
TW,7500028,101,477464,Kinkora Pythian Home,Perry,12/3/2020,ND,ND,ND,ND,ND,ND,ND,ND,ND,ND,ND,ND,ND,ND,ND,ND,ND,ND,0.0,ng/l
TW,7500039,101,477462,Carson Long Inst / Talmudic Properties,Perry,12/3/2020,ND,ND,ND,ND,ND,ND,ND,ND,ND,ND,ND,ND,ND,ND,6.8,ND,ND,ND,0.0,ng/l
TW,7500366,101,477460,Mahanoy Centre,Perry,12/3/2020,ND,ND,ND,ND,ND,ND,ND,ND,ND,ND,ND,ND,ND,ND,17.4,ND,13.3,ND,13.3,ng/l
TI,1510001,101,477089,Philadelphia Water Department,Philadelphia,2/25/2020,ND,ND,ND,ND,ND,ND,ND,ND,ND,ND,ND,ND,ND,ND,ND,ND,ND,ND,0.0,ng/l
TW,1510800,101,477081,Schuylkill Center for Env. Ed.,Philladelphia,2/19/2020,ND,ND,ND,ND,ND,ND,ND,ND,ND,ND,7.8,ND,ND,4.4,ND,ND,ND,9.9,9.9,ng/l
TW,2520107,101,410-26088,Pike County Correctional Facility,Pike,1/12/2021,ND,ND,ND,ND,ND,ND,ND,ND,ND,ND,ND,ND,ND,ND,ND,ND,ND,ND,0.0,ng/l
TW,2520981,101,410-26088,Millbrook 5&7,Pike,1/12/2021,ND,ND,ND,ND,ND,ND,ND,ND,ND,ND,ND,ND,ND,ND,ND,ND,ND,ND,0.0,ng/l
BW,6530007,101,410-18884-1,Roulette Twp Water Authority,Potter,10/28/2020,ND,ND,ND,ND,ND,ND,ND,ND,ND,ND,ND,ND,ND,ND,ND,ND,ND,ND,0.0,ng/l
BW,6530013,101,410-18884-1,Shinglehouse Boro Water Dept,Potter,10/28/2020,ND,ND,ND,ND,ND,ND,ND,ND,ND,ND,ND,ND,ND,ND,ND,ND,ND,ND,0.0,ng/l
TW,3540026,100,477440,Mountain Water Authority,Schuylkill,12/1/2020,ND,ND,ND,ND,ND,ND,ND,ND,ND,ND,ND,ND,ND,ND,ND,ND,ND,ND,0.0,ng/l
TW,3540032,101,410-18604-1,PA AM Water Co - Frackville,Schuylkill,10/28/2020,ND,ND,ND,ND,ND,ND,ND,ND,ND,ND,4.9,3.1,3.5,1.9,12.0,14.0,29.0,3.9,32.9,ng/l
TW,3540038,101,477452,Schuylkill Co Mun Auth,Schuylkill,12/2/2020,ND,ND,ND,ND,ND,ND,ND,ND,ND,ND,ND,ND,ND,ND,ND,ND,ND,ND,0.0,ng/l
TI,3540038,102,477454,Schuylkill Co Mun Auth,Schuylkill,12/2/2020,ND,ND,ND,ND,ND,ND,ND,ND,ND,ND,ND,ND,ND,ND,ND,ND,ND,ND,0.0,ng/l
TW,3540045,104,410-18604-1,Tower City Authority,Schuylkill,10/28/2020,ND,ND,ND,ND,ND,ND,ND,ND,ND,ND,ND,ND,ND,ND,ND,ND,ND,ND,0.0,ng/l
TW,3540054,101,477438,SCMA Pinebrook,Schuylkill,12/1/2020,ND,ND,ND,ND,ND,ND,ND,ND,ND,ND,ND,ND,ND,ND,ND,ND,ND,ND,0.0,ng/l
TW,3540468,101,477550,Shalmet Corp,Schuylkill,2/17/2021,ND,ND,ND,ND,ND,ND,ND,ND,ND,ND,ND,ND,ND,ND,ND,ND,ND,ND,0.0,ng/l
TW,3540898,101,477552,Omnova Solutions,Schuylkill,2/17/2021,ND,ND,ND,ND,ND,ND,ND,ND,ND,ND,ND,ND,ND,ND,ND,ND,ND,ND,0.0,ng/l
TW,3540898,103,477554,Omnova Solutions,Schuylkill,2/17/2021,ND,ND,ND,ND,ND,ND,ND,ND,ND,ND,ND,ND,ND,ND,ND,ND,ND,ND,0.0,ng/l
TW,3540923,101,477548,Eitel Presses,Schuylkill,2/17/2021,ND,ND,ND,ND,ND,ND,ND,ND,ND,ND,ND,ND,ND,ND,ND,ND,ND,ND,0.0,ng/l
TW,3540957,101,477546,Practice Management Advisors,Schuylkill,2/17/2021,ND,ND,ND,ND,ND,ND,ND,ND,ND,ND,ND,ND,ND,ND,ND,ND,ND,ND,0.0,ng/l
TW,3540973,101,477556,Fed Ex Auburn,Schuylkill,2/17/2021,ND,ND,ND,ND,ND,ND,ND,ND,ND,ND,ND,ND,ND,ND,ND,ND,ND,ND,0.0,ng/l
TW,3540977,101,477162,Keystone Potato,Schuylkill,8/11/2020,ND,ND,ND,ND,ND,ND,ND,ND,ND,ND,ND,ND,ND,ND,ND,ND,ND,ND,0.0,ng/l
TW,4550009,106,477572,Aqua PA Monroe,Snyder,2/23/2021,ND,ND,ND,ND,ND,ND,ND,ND,ND,ND,ND,ND,ND,ND,ND,ND,ND,ND,0.0,ng/l
TW,4550028,101,477504,Penn Township Municipal Auth,Snyder,12/15/2020,ND,ND,ND,ND,ND,ND,ND,ND,ND,ND,ND,ND,ND,ND,ND,ND,ND,ND,0.0,ng/l
TW,4550320,101,477160,Jackson Penn Elementary,Snyder,8/11/2020,ND,ND,ND,ND,ND,ND,ND,ND,ND,ND,ND,ND,ND,ND,ND,ND,ND,ND,0.0,ng/l
TW,4560021,101,477472,Cairnbrook Improvement Assoc,Somerset,12/8/2020,ND,ND,ND,ND,ND,ND,ND,ND,ND,ND,ND,ND,ND,ND,ND,ND,ND,ND,0.0,ng/l
BW,4560029,101,477540,Berlin Boro,Somerset,1/14/2021,ND,ND,ND,ND,ND,ND,ND,ND,ND,ND,ND,ND,ND,ND,ND,ND,ND,ND,0.0,ng/l
BW,2570005,100,477326,Red Rock Job Corps Center,Sullivan,10/8/2020,ND,ND,ND,ND,ND,ND,ND,ND,ND,ND,ND,ND,ND,ND,ND,ND,ND,ND,0.0,ng/l
TW,2580022,101,410-25153,Shady Lane Home Park,Susquehanna,12/29/2020,ND,ND,ND,ND,ND,ND,ND,ND,ND,ND,ND,ND,ND,ND,ND,ND,ND,ND,0.0,ng/l
BI,2580024,101,477544,PAWC Susquehanna,Susquehanna,1/21/2021,ND,ND,ND,ND,ND,ND,ND,ND,ND,ND,ND,ND,ND,ND,ND,ND,ND,ND,0.0,ng/l
TW,2580046,100,410-26288,Gracious Living Estates,Susquehanna,1/13/2021,ND,ND,ND,ND,ND,ND,ND,ND,ND,ND,ND,ND,ND,ND,ND,ND,ND,ND,0.0,ng/l
BW,2590018,101,410-18884-1,Middlebury MHC,Tioga,10/28/2020,ND,ND,ND,ND,ND,ND,ND,ND,ND,ND,ND,ND,ND,ND,ND,ND,ND,ND,0.0,ng/l
TW,2590048,101,410-18882-1,Duncan Twp Municipal Authority,Tioga,10/29/2020,ND,ND,ND,ND,ND,ND,ND,ND,ND,ND,ND,ND,ND,ND,ND,ND,ND,ND,0.0,ng/l
TW/TI,4600012,101,410-18882-1,Mifflinburg Boro Water Dept,Union,10/29/2020,ND,ND,ND,ND,ND,ND,ND,ND,ND,ND,ND,ND,ND,ND,ND,ND,ND,ND,0.0,ng/l
BW,6610020,110,410-21555-1,General Authority of Franklin,Venango,11/18/2020,ND,ND,ND,ND,ND,ND,ND,ND,ND,ND,ND,ND,2.8,ND,ND,ND,ND,2.0,2.0,ng/l
TW,6610852,101,410-21555-1,Matric Limited,Venango,11/18/2020,ND,ND,ND,ND,ND,ND,ND,ND,ND,ND,ND,ND,ND,ND,ND,ND,ND,ND,0.0,ng/l
TW,6620021,101,410-18879-1,Aqua PA Clarendon,Warren,10/27/2020,ND,ND,ND,ND,ND,ND,ND,ND,ND,ND,ND,ND,ND,ND,ND,ND,ND,ND,0.0,ng/l
BW,6620031,139,410-18879-1,Sheffield Twp Municipal Auth,Warren,10/27/2020,ND,ND,ND,ND,ND,ND,ND,ND,ND,ND,ND,ND,ND,ND,ND,ND,ND,ND,0.0,ng/l
BW,2640300,100,477542,Preston Elementary School,Wayne,1/21/2021,ND,ND,ND,ND,ND,ND,ND,ND,ND,ND,ND,ND,ND,ND,ND,ND,ND,ND,0.0,ng/l
TW,2640012,101,410-25153,Canal MHP,Wayne,12/29/2020,ND,ND,ND,ND,ND,ND,ND,ND,ND,ND,ND,ND,ND,ND,ND,ND,ND,ND,0.0,ng/l
TW,2640012,102,410-25153,Canal MHP,Wayne,12/29/2020,ND,ND,ND,ND,ND,ND,ND,ND,ND,ND,ND,ND,ND,ND,ND,ND,ND,ND,0.0,ng/l
TI,5650049,101,477470,Derry Borough Municipal Authority,Westmoreland,12/8/2020,ND,ND,ND,ND,ND,ND,ND,ND,ND,ND,ND,ND,7.8,ND,ND,ND,ND,ND,0.0,ng/l
BI,5650069,102,477624,Highridge Water Authority,Westmoreland,3/3/2021,ND,ND,ND,ND,ND,ND,ND,ND,ND,ND,ND,ND,ND,ND,ND,ND,ND,ND,0.0,ng/l
TI,5650070,101,410-22887,New Kensington Muni Auth,Westmoreland,12/3/2020,ND,ND,ND,ND,ND,ND,ND,ND,ND,ND,ND,ND,ND,ND,ND,ND,ND,ND,0.0,ng/l
TW,2660024,102,410-26481,Dymonds MHP,Wyoming,1/14/2021,ND,ND,ND,ND,ND,ND,ND,ND,ND,ND,10.0,ND,ND,2.9,ND,ND,3.2,7.9,11.1,ng/l
TW,2660036,102,410-23827,Aqua PA Factoryville,Wyoming,12/11/2020,ND,ND,ND,ND,ND,ND,ND,ND,ND,ND,ND,ND,ND,ND,ND,ND,ND,ND,0.0,ng/l
TW,2660039,101,410-23827,Eaton Sewer and Water,Wyoming,12/11/2020,ND,ND,ND,ND,ND,ND,ND,ND,ND,ND,ND,ND,3.1,ND,ND,ND,4.0,1.8,5.8,ng/l
TW,2660380,100,410-23827,Proctor and Gamble Paper Products,Wyoming,12/11/2020,ND,ND,ND,ND,ND,ND,ND,ND,ND,ND,ND,ND,ND,ND,ND,ND,ND,ND,0.0,ng/l
TW,2660385,101,477324,Village Shopping Center,Wyoming,10/8/2020,ND,ND,ND,ND,ND,ND,ND,ND,ND,ND,ND,ND,3.8,ND,ND,ND,9.1,ND,9.1,ng/l
TW,7670022,101,477512,Locust Manor MHP,York,12/22/2020,ND,ND,ND,ND,ND,ND,ND,ND,ND,ND,ND,ND,ND,ND,ND,ND,ND,ND,0.0,ng/l
TW,7670027,101,477510,Laurelwood MHP,York,12/22/2020,ND,ND,ND,ND,ND,ND,ND,ND,ND,ND,ND,ND,ND,ND,ND,ND,ND,ND,0.0,ng/l
TW,7670071,101,410-16342-1,Dillsburg Area Authority,York,10/7/2020,ND,ND,ND,ND,ND,ND,ND,ND,ND,ND,ND,ND,ND,ND,ND,ND,ND,ND,0.0,ng/l
TW,7670071,102,410-24743,Dillsburg Area Authority,York,12/22/2020,ND,ND,ND,ND,ND,ND,ND,ND,ND,ND,ND,ND,4.1,ND,2.7,ND,5.0,3.2,8.2,ng/l
TW,7670073,105,410-16448-1,Dover Twp Water Sys,York,10/7/2020,ND,ND,ND,ND,ND,ND,ND,ND,ND,ND,2.5,ND,3.6,1.8,1.9,ND,6.8,6.8,13.6,ng/l
TW,7670082,101,410-15545-1,New Freedom Boro Water Auth,York,9/30/2020,ND,ND,ND,ND,ND,ND,ND,ND,ND,ND,ND,ND,4.8,ND,ND,ND,4.3,3.0,7.3,ng/l
TW,7670082,103,410-15545-1,New Freedom Boro Water Auth,York,9/30/2020,ND,ND,ND,ND,ND,ND,ND,ND,ND,ND,2.7,ND,3.9,ND,ND,ND,ND,2.3,2.3,ng/l
TW,7670082,104,410-15545-1,New Freedom Boro Water Auth,York,9/30/2020,ND,ND,ND,ND,ND,ND,ND,ND,ND,ND,6.0,ND,12.0,4.5,3.5,15.0,3.9,5.2,9.1,ng/l
TW,7670082,107,410-24743,New Freedom Boro Water Auth,York,12/22/2020,ND,ND,ND,ND,ND,ND,ND,ND,ND,ND,ND,ND,ND,ND,ND,ND,ND,ND,0.0,ng/l
TW,7670088,101,410-15545-1,Shrewsbury Borough,York,9/30/2020,ND,ND,ND,ND,ND,ND,ND,ND,ND,ND,4.6,ND,20.0,2.8,3.2,ND,13.0,6.8,19.8,ng/l
TW,7670088,108,410-24743,Shrewsbury Borough,York,12/22/2020,ND,ND,ND,ND,ND,ND,ND,ND,ND,ND,3.0,ND,2.8,1.8,ND,ND,ND,4.7,4.7,ng/l
TW,7670310,101,410-16448-1,Garrod Hydraulics,York,10/7/2020,ND,ND,ND,ND,ND,ND,ND,ND,ND,ND,ND,ND,ND,ND,ND,ND,ND,ND,0.0,ng/l
TW,7670333,101,410-24743,Joseph Machine Co,York,12/22/2020,ND,ND,ND,ND,ND,ND,ND,ND,ND,ND,ND,ND,ND,ND,ND,ND,2.6,ND,2.6,ng/l
TW,7670356,101,410-24736,Winterstown United Methodist Church,York,12/22/2020,ND,ND,ND,ND,ND,ND,ND,ND,ND,ND,7.2,ND,ND,3.4,ND,ND,ND,7.0,7.0,ng/l
TW,7671084,101,477224,Key Plastics,York,8/27/2020,ND,ND,ND,ND,ND,ND,ND,ND,ND,ND,ND,ND,ND,ND,ND,ND,ND,ND,0.0,ng/l
TW,7671084,102,477226,Key Plastics,York,8/27/2020,ND,ND,ND,ND,ND,ND,ND,ND,ND,ND,ND,ND,ND,ND,ND,ND,ND,ND,0.0,ng/l
TW,7671087,101,477508,Whales Snails and Puppy Dog Tails,York,12/22/2020,ND,ND,ND,ND,ND,ND,ND,ND,ND,ND,ND,ND,ND,ND,ND,11.0,4.4,4.4,8.8,ng/l
TW,7671303,101,410-24736,N Hopewell Winterstown Elem,York,12/22/2020,ND,ND,ND,ND,ND,ND,ND,ND,ND,ND,ND,ND,ND,ND,ND,ND,ND,ND,0.0,ng/l