"",,,,Sum of the six,,,,,,,,,,,,,
"",,,,Maine‐,,,,,,,,,,,2820,,
"",,,,regulated PFAS,,,,,,,,,,,PERFLUOROOCTANE,,
"",,,Collection,analytes (2802‐,2801,2802,2803,2804,2805,2806,2807,2808,2809,2819,SULFONIC ACID,2824,2828
PWSID,System Name,Facility,Date,2807),(PFBS),(PFHPA),(PFHXS),(PFNA),(PFOS),(PFOA),(PFDA),(PFDOA),(PFHXA),(PFBA),6:2 FTS,(PFPEA),(PFPES)
ME0092649,39 LIMERICK ROAD LLC,TREAT PT 1,8/1/2023,14.2,ND,2.12,ND,ND,5.04,7.05,ND,ND,8.45,,,,
ME0092373,A PLACE FOR ALL SEASONS,TREAT PT 1,11/15/2023,2.51,ND,ND,ND,ND,2.51,ND,ND,ND,ND,,,,
ME0094712,ACAP CHILD & FAMILY CENTER,TREAT PT 1,5/31/2022,ND,ND,ND,ND,ND,ND,ND,ND,ND,ND,ND,ND,ND,ND
ME0000002,ACTON ELEMENTARY SCHOOL,WELL HD 2,6/13/2022,ND,ND,ND,ND,ND,ND,ND,ND,ND,ND,,,,
ME0090010,ADDISON POINT WATER DISTRICT,TREAT PT 1,2/27/2024,ND,ND,ND,ND,ND,ND,ND,ND,ND,ND,,,,
ME0090020,ALFRED WATER DISTRICT,TREAT PT 1,3/22/2022,ND,ND,ND,ND,ND,ND,ND,ND,ND,ND,ND,ND,ND,ND
ME0090030,ALLEN WATER COMPANY,TREAT PT 1,5/11/2022,ND,ND,ND,ND,ND,ND,ND,ND,ND,ND,,,,
ME0090050,ANDOVER WATER DISTRICT,TREAT PT 2,8/16/2022,ND,ND,ND,ND,ND,ND,ND,ND,ND,ND,,,,
ME0090930,ANSON AND MADISON WATER DISTRICT,TREAT PT 1,11/4/2022,ND,ND,ND,ND,ND,ND,ND,ND,ND,ND,ND,ND,ND,ND
ME0193835,AOS 77 ALEXANDER ELEMENTARY SCHOOL,TREAT PT 1,5/10/2022,ND,ND,ND,ND,ND,ND,ND,ND,ND,ND,,,,
ME0093807,AOS 77 CHARLOTTE ELEMENTARY SCHOOL,TREAT PT 1,4/8/2022,ND,ND,ND,ND,ND,ND,ND,ND,ND,ND,,,,
ME0093820,AOS 77 PEMBROKE ELEMENTARY SCHOOL,TREAT PT 1,9/13/2022,ND,ND,ND,ND,ND,ND,ND,ND,ND,ND,,,,
ME0018538,AOS 77 PERRY ELEMENTARY SCHOOL,TREAT PT 1,9/13/2022,ND,ND,ND,ND,ND,ND,ND,ND,ND,ND,,,,
ME0008179,AOS 90 EAST RANGE II CSD SCHOOL,TREAT PT 1,7/6/2023,16.6,ND,3.12,ND,3.49,ND,9.96,ND,ND,12.7,,,,
ME0093810,AOS 90 PRINCETON ELEMENTARY SCHOOL,TREAT PT 1,7/6/2023,12.8,4.24,ND,8.05,ND,ND,4.74,ND,ND,ND,,,,
ME0000424,AOS 91 MT DESERT ISLAND HIGH SCHOOL,TREAT PT 1,5/2/2022,,,,,,,,,,,11.8,ND,30.6,ND
ME0000424,AOS 91 MT DESERT ISLAND HIGH SCHOOL,TREAT PT 1,1/9/2024,ND,ND,ND,ND,ND,ND,ND,ND,ND,ND,,,,
ME0000635,AOS 91 TREMONT CONSOLIDATED SCHOOL,TREAT PT 1,12/20/2023,20.8,2.9,3.84,ND,2.82,4.55,9.54,ND,ND,ND,,,,
ME0093795,AOS 92 VASSALBORO COMMUNITY SCHOOL,TREAT PT 1,10/17/2023,3.31,ND,ND,ND,3.31,ND,ND,ND,ND,2.26,,,,
ME0000119,AOS 93 BRISTOL CONSOLIDATED SCHOOL,TREAT PT 1,10/5/2022,ND,ND,ND,ND,ND,ND,ND,ND,ND,ND,ND,ND,ND,ND
ME0093800,AOS 93 JEFFERSON VILLAGE SCHOOL,TREAT PT 1,8/24/2022,ND,ND,ND,ND,ND,ND,ND,ND,ND,ND,3.64,ND,ND,ND
ME0000437,AOS 93 NOBLEBORO CENTRAL SCHOOL,TREAT PT 1,1/22/2024,ND,ND,ND,ND,ND,ND,ND,ND,ND,ND,ND,ND,ND,ND
ME0093846,AOS 93 SOUTH  BRISTOL ELEMENTARY SCHOOL,WELL HD 2,1/31/2024,22.15,2.42,6.44,ND,ND,3.71,12,ND,ND,8.23,5.52,ND,11.1,ND
ME0093794,AOS 96  BAY RIDGE ELEMENTARY,WELL HD 1,8/22/2022,ND,ND,ND,ND,ND,ND,ND,ND,ND,ND,,,,
ME0009222,AOS 96 ELM STREET SCHOOL,TREAT PT 1,8/22/2022,ND,ND,ND,ND,ND,ND,ND,ND,ND,ND,,,,
ME0000391,AOS 96 FORT OBRIEN SCHOOL,TREAT PT 1,8/22/2022,ND,ND,ND,ND,ND,ND,ND,ND,ND,ND,,,,
ME0012984,AOS 96 JONESBORO ELEMENTARY SCHOOL,TREAT PT 1,10/25/2022,ND,ND,ND,ND,ND,ND,ND,ND,ND,ND,,,,
ME0009226,AOS 96 WHITING VILLAGE SCHOOL,TREAT PT 1,8/22/2022,ND,ND,ND,ND,ND,ND,ND,ND,ND,ND,,,,
ME0025958,AOS 98 EDGECOMB EDDY ELEMENTARY II,TREAT PT 1,9/7/2022,ND,ND,ND,ND,ND,ND,ND,ND,ND,ND,,,,
ME0093813,AOS 98 GEORGETOWN CENTRAL SCHOOL,TREAT PT 1,6/23/2022,ND,ND,ND,ND,ND,ND,ND,ND,ND,ND,,,,
ME0092367,APPLEWOOD,TREAT PT 1,9/7/2022,ND,ND,ND,ND,ND,ND,ND,ND,ND,ND,ND,ND,ND,ND
ME0092382,AROOSTOOK RENTAL HOUSING LLC,TREAT PT 1,12/11/2023,9.27,ND,ND,7.1,ND,2.17,ND,ND,ND,ND,,,,
ME0090060,ASHLAND WATER & SEWER DISTRICT,TREAT PT 2,10/10/2022,ND,ND,ND,ND,ND,ND,ND,ND,ND,ND,,,,
ME0094551,ASHWOOD WALDORF SCHOOL,TREAT PT 1,9/15/2022,ND,ND,ND,ND,ND,ND,ND,ND,ND,ND,,,,
ME0090070,AUBURN WATER DISTRICT,TREAT PT 3,3/8/2022,ND,ND,ND,ND,ND,ND,ND,ND,ND,ND,ND,ND,ND,ND
ME0092429,AUTUMN COURT LLC,TREAT PT 1,7/11/2023,13.9,2.76,ND,ND,ND,4.24,9.61,ND,ND,2.94,,,,
ME0095635,AVERILLS MOBILE HOME PARK,TREAT PT 1,6/30/2022,ND,ND,ND,ND,ND,ND,ND,ND,ND,ND,ND,ND,ND,ND
ME0090100,BAILEYVILLE UTILITIES DISTRICT,TREAT PT 1,3/22/2022,ND,ND,ND,ND,ND,ND,ND,ND,ND,ND,,,,
ME0090110,BANGOR WATER DISTRICT,TREAT PT 1,6/22/2022,ND,ND,ND,ND,ND,ND,ND,ND,ND,ND,,,,
ME0090130,BATH WATER DISTRICT,TREAT PT 2,10/27/2022,ND,ND,ND,ND,ND,ND,ND,ND,ND,ND,,,,
ME0002175,BAY BRIDGE ESTATES LLC,TREAT PT 2,4/4/2022,ND,ND,ND,ND,ND,ND,ND,ND,ND,ND,ND,ND,ND,ND
ME0094442,BAY SCHOOL,TREAT PT 1,9/27/2022,ND,ND,ND,ND,ND,ND,ND,ND,ND,ND,ND,ND,ND,ND
ME0094802,BECKET ACADEMY CENTRAL ME LEARNING CTR,TREAT PT 1,1/4/2023,5.16,9.5,ND,ND,ND,3.14,2.02,ND,ND,ND,,,,
ME0009244,BEGIN TRAILER PARK,TREAT PT 2,11/1/2022,ND,ND,ND,ND,ND,ND,ND,ND,ND,ND,,,,
ME0092476,BELFAST AREA CHILDRENS CENTER,TREAT PT 1,11/16/2022,ND,ND,ND,ND,ND,ND,ND,ND,ND,ND,ND,ND,ND,ND
ME0092433,BELFAST COHOUSING & ECOVILLAGE CONDOS,WELL HD 1,5/11/2022,ND,ND,ND,ND,ND,ND,ND,ND,ND,ND,ND,ND,ND,ND
ME0092356,BELFAST UNITED METHODIST CHURCH,TREAT PT 1,7/26/2022,ND,ND,ND,ND,ND,ND,ND,ND,ND,ND,,,,
ME0090140,BELFAST WATER DISTRICT,TREAT PT 1,10/26/2021,ND,ND,ND,ND,ND,ND,ND,ND,ND,ND,ND,ND,ND,ND
ME0090140,BELFAST WATER DISTRICT,TREAT PT 2,10/26/2021,ND,ND,ND,ND,ND,ND,ND,ND,ND,ND,ND,ND,ND,ND
ME0090145,BENJAMIN RIVER APTS,TREAT PT 1,8/15/2023,4.82,ND,ND,ND,ND,4.82,ND,ND,ND,ND,,,,
PWSID,System Name,Facility,"CollectionDate","Sum of the sixMaine‐regulated PFASanalytes (2802‐2807)","2801(PFBS)","2802(PFHPA)","2803(PFHXS)","2804(PFNA)","2805(PFOS)","2806(PFOA)","2807(PFDA)","2808(PFDOA)","2809(PFHXA)","2819(PFBA)","2820PERFLUOROOCTANESULFONIC ACID6:2 FTS","2824(PFPEA)","2828(PFPES)"
ME0095024,BERWICK EARLY LEARNING CENTER,WELL HD 1,10/11/2022,ND,ND,ND,ND,ND,ND,ND,ND,ND,ND,ND,ND,ND,ND
ME0090150,BERWICK WATER DEPARTMENT,TREAT PT 1,4/19/2022,ND,ND,ND,ND,ND,ND,ND,ND,ND,ND,ND,ND,ND,ND
ME0090160,BETHEL WATER DISTRICT,TREAT PT 2,9/15/2022,ND,ND,ND,ND,ND,ND,ND,ND,ND,ND,,,,
ME0018680,BIG CATS CATERING‐TINY TYKES DAYCARE,WELL HD 1,2/14/2023,3.95,ND,ND,ND,ND,ND,3.95,ND,ND,3.34,4.49,ND,4.38,ND
ME0090180,BINGHAM WATER DISTRICT,WELL HD 1,7/18/2022,ND,ND,ND,ND,ND,ND,ND,ND,ND,ND,,,,
ME0090180,BINGHAM WATER DISTRICT,WELL HD 2,9/12/2022,ND,ND,ND,ND,ND,ND,ND,ND,ND,ND,,,,
ME0007233,BIRCH HAVEN TRAILER PARK,TREAT PT 1,1/10/2023,4.64,ND,ND,ND,ND,2.57,2.07,ND,ND,ND,,,,
ME0095663,BIRCH TREE MEADOWS MHP,TREAT PT 1,9/27/2022,ND,ND,ND,ND,ND,ND,ND,ND,ND,ND,,,,
ME0095550,BIRCHWOOD TRAILER PARK,WELL HD 3,11/30/2022,ND,ND,ND,ND,ND,ND,ND,ND,ND,ND,,,,
ME0094466,BLACK HORSE INN,TREAT PT 1,11/14/2022,ND,ND,ND,ND,ND,ND,ND,ND,ND,ND,,,,
ME0092110,BLUE HILL TERRACE,TREAT PT 1,10/20/2023,ND,,,,,,,,,,,,,
ME0092110,BLUE HILL TERRACE,TREAT PT 1,3/25/2024,ND,ND,ND,ND,ND,ND,ND,ND,ND,ND,,,,
ME0095658,BLUEBERRY RIDGE MOBILE VILLAGE,TREAT PT 1,5/5/2022,ND,ND,ND,ND,ND,ND,ND,ND,ND,ND,ND,ND,ND,ND
ME0090200,BOOTHBAY REGION WATER DISTRICT,TREAT PT 1,9/7/2023,2.36,ND,ND,ND,ND,ND,2.36,ND,ND,4.32,7.36,ND,2.87,ND
ME0095575,BOUDREAU TRAILER PARK,TREAT PT 1,3/20/2023,ND,ND,ND,ND,ND,ND,ND,ND,ND,ND,,,,
ME0090205,BOULIER PLACE APTS,TREAT PT 1,12/18/2023,8.29,3.23,ND,ND,ND,2.95,5.34,ND,ND,11.4,,,,
ME0090210,BOWDOINHAM WATER DISTRICT,TREAT PT 1,1/11/2022,ND,ND,ND,ND,ND,ND,ND,ND,ND,ND,ND,ND,ND,ND
ME0090220,BREWER WATER DEPARTMENT,TREAT PT 1,3/20/2022,ND,ND,ND,ND,ND,ND,ND,ND,ND,ND,ND,ND,ND,ND
ME0092389,BRIARWOOD CHILDRENS HOUSE,TREAT PT 1,6/9/2022,ND,ND,ND,ND,ND,ND,ND,ND,ND,ND,,,,
ME0090230,BRIDGTON WATER DISTRICT,TREAT PT 2,3/16/2022,ND,ND,ND,ND,ND,ND,ND,ND,ND,ND,,,,
ME0092417,BRIGHT IDEAS CHILD CARE CENTER,WELL HD 1,11/1/2022,ND,ND,ND,ND,ND,ND,ND,ND,ND,ND,,,,
ME0095719,BROCKS MOBILE HOME PARK,WELL HD 1,11/7/2022,ND,ND,ND,ND,ND,ND,ND,ND,ND,ND,,,,
ME0092365,BROOK HOLLOW,TREAT PT 1,11/9/2022,ND,ND,ND,ND,ND,ND,ND,ND,ND,ND,3.86,ND,ND,ND
ME0005826,BROOKSIDE MHP,TREAT PT 1,4/21/2022,ND,ND,ND,ND,ND,ND,ND,ND,ND,ND,,,,
ME0095595,BROOKSIDE MOBILE HOME COURT,TREAT PT 1,7/26/2022,ND,ND,ND,ND,ND,ND,ND,ND,ND,ND,,,,
ME0000195,BROWNFIELD‐DENMARK ELEMENTARY SCHOOL,WELL HD 2,9/19/2022,ND,ND,ND,ND,ND,ND,ND,ND,ND,ND,,,,
ME0090240,BROWNVILLE JCT WATER DEPT,TREAT PT 1,8/29/2022,ND,ND,ND,ND,ND,ND,ND,ND,ND,ND,,,,
ME0090250,BROWNVILLE WATER DEPARTMENT,TREAT PT 4,9/27/2022,ND,ND,ND,ND,ND,ND,ND,ND,ND,ND,,,,
ME0090260,BRUNSWICK/TOPSHAM WATER DISTRICT,TREAT PT 1,7/10/2023,ND,ND,ND,ND,ND,ND,ND,ND,ND,ND,ND,ND,ND,ND
ME0090260,BRUNSWICK/TOPSHAM WATER DISTRICT,TREAT PT 2,7/10/2023,ND,ND,ND,ND,ND,ND,ND,ND,ND,ND,ND,ND,ND,ND
ME0090260,BRUNSWICK/TOPSHAM WATER DISTRICT,TREAT PT 3,7/18/2022,ND,ND,ND,ND,ND,ND,ND,ND,ND,ND,2.63,ND,ND,ND
ME0090270,BUCKFIELD VILLAGE CORPORATION,TREAT PT 1,3/18/2022,ND,ND,ND,ND,ND,ND,ND,ND,ND,ND,ND,ND,ND,ND
ME0092341,BURNT MILL SETTLEMENT,WELL HD 1,9/6/2022,ND,ND,ND,ND,ND,ND,ND,ND,ND,ND,ND,ND,ND,ND
ME0009850,CALAIS HIGH SCHOOL,TREAT PT 1,5/2/2022,ND,ND,ND,ND,ND,ND,ND,ND,ND,ND,,,,
ME0090290,CALAIS WATER DEPT,TREAT PT 2,7/10/2023,2.67,ND,ND,ND,ND,ND,2.67,ND,ND,ND,,,,
ME0093894,CALVARY BAPTIST CHURCH/ACADEMY,WELL HD 1,10/19/2022,ND,ND,ND,ND,ND,ND,ND,ND,ND,ND,,,,
ME0095630,CANTON POINT PARK,WELL HD 4,11/18/2022,ND,ND,ND,ND,ND,ND,ND,ND,ND,ND,,,,
ME0090310,CANTON WATER DISTRICT,TREAT PT 1,4/11/2022,ND,ND,ND,ND,ND,ND,ND,ND,ND,ND,,,,
ME0002439,CARIBOU STREAM MOBILE HOME PK,TREAT PT 1,10/18/2022,ND,ND,ND,ND,ND,ND,ND,ND,ND,ND,,,,
ME0090320,CARIBOU UTILITIES DISTRICT,TREAT PT 2,7/12/2022,ND,ND,ND,ND,ND,ND,ND,ND,ND,ND,,,,
ME0093847,CARRABASSETT VALLEY ACADEMY,TREAT PT 1,8/24/2022,ND,ND,ND,ND,ND,ND,ND,ND,ND,ND,ND,ND,ND,ND
ME0094827,CARRABASSETT VALLEY ACADEMY DORM,TREAT PT 1,12/1/2022,9.34,4.2,4.1,ND,ND,ND,5.24,ND,ND,10.5,3.45,ND,5.45,ND
ME0092338,CASCO INN RESIDENTIAL CARE,TREAT PT 1,11/9/2022,ND,ND,ND,ND,ND,ND,ND,ND,ND,ND,ND,ND,ND,ND
ME0090330,CASTINE WATER DEPARTMENT,TREAT PT 1,10/26/2021,ND,ND,ND,ND,ND,ND,ND,ND,ND,ND,,,,
ME0090330,CASTINE WATER DEPARTMENT,TREAT PT 3,10/26/2021,ND,ND,ND,ND,ND,ND,ND,ND,ND,ND,,,,
ME0090330,CASTINE WATER DEPARTMENT,TREAT PT 7,3/29/2022,ND,ND,ND,ND,ND,ND,ND,ND,ND,ND,,,,
ME0008583,CASWELL ELEM/AKA DAWN BARNES,TREAT PT 1,4/25/2022,ND,ND,ND,ND,ND,ND,ND,ND,ND,ND,,,,
ME0007363,CEDAR HAVEN MHC,MANIFOLD 5,8/3/2022,ND,ND,ND,ND,ND,ND,ND,ND,ND,ND,,,,
ME0007363,CEDAR HAVEN MHC,TREAT PT 2,11/2/2023,3.62,7.82,ND,ND,ND,ND,3.62,ND,ND,2.58,,,,
ME0007363,CEDAR HAVEN MHC,WELL HD 3,8/3/2022,ND,ND,ND,ND,ND,ND,ND,ND,ND,ND,,,,
ME0007363,CEDAR HAVEN MHC,WELL HD 4,8/3/2022,ND,ND,ND,ND,ND,ND,ND,ND,ND,ND,,,,
ME0000470,CENTER DRIVE SCHOOL,MANIFOLD 1,12/28/2023,8.32,ND,ND,3.41,ND,2.67,2.24,ND,ND,2.04,,,,
ME0094401,CENTER FOR TEACHING/LEARNING,TREAT PT 1,5/18/2022,ND,ND,ND,ND,ND,ND,ND,ND,ND,ND,ND,ND,ND,ND
ME0001006,CHARTER OAKS VILLAGE COOPERATIVE,TREAT PT 1,10/19/2022,ND,ND,ND,ND,ND,ND,ND,ND,ND,2.22,ND,ND,4.44,ND
ME0001006,CHARTER OAKS VILLAGE COOPERATIVE,TREAT PT 2,10/19/2022,ND,ND,ND,ND,ND,ND,ND,ND,ND,2.02,ND,ND,3.3,ND
PWSID,System Name,Facility,"CollectionDate","Sum of the sixMaine‐regulated PFASanalytes (2802‐2807)","2801(PFBS)","2802(PFHPA)","2803(PFHXS)","2804(PFNA)","2805(PFOS)","2806(PFOA)","2807(PFDA)","2808(PFDOA)","2809(PFHXA)","2819(PFBA)","2820PERFLUOROOCTANESULFONIC ACID6:2 FTS","2824(PFPEA)","2828(PFPES)"
ME0000185,CHEBEAGUE ISLAND SCHOOL,TREAT PT 1,2/11/2024,ND,ND,ND,ND,ND,ND,ND,ND,ND,ND,ND,ND,ND,ND
ME0000174,CHERRYFIELD SCHOOL DEPARTMENT,TREAT PT 1,11/29/2022,ND,ND,ND,ND,ND,ND,ND,ND,ND,ND,,,,
ME0000945,CHEWONKI FOUNDATION #1,TREAT PT 1,12/28/2023,ND,ND,ND,ND,ND,ND,ND,ND,ND,ND,ND,ND,ND,ND
ME0000945,CHEWONKI FOUNDATION #1,TREAT PT 2,12/28/2023,10.7,4.52,2.32,ND,ND,2.7,5.7,ND,ND,4.4,2.54,ND,4.1,ND
ME0200945,CHEWONKI FOUNDATION #2,TREAT PT 1,11/10/2022,ND,ND,ND,ND,ND,ND,ND,ND,ND,ND,,,,
ME0094723,CHILDRENS VILLAGE CHILD CARE CENTER,TREAT PT 1,11/14/2022,4.51,ND,ND,ND,ND,ND,4.51,ND,ND,ND,,,,
ME0092708,CLARKS MILLS APARTMENTS,TREAT PT 1,11/15/2022,ND,ND,ND,ND,ND,ND,ND,ND,ND,ND,ND,ND,ND,ND
ME0092638,CLC YMCA CHILD CARE,WELL HD 1,9/21/2022,ND,ND,ND,ND,ND,ND,ND,ND,ND,ND,,,,
ME0094924,CLIFFORD ARTS & STUDENT CENTER,TREAT PT 1,3/19/2024,ND,ND,ND,ND,ND,ND,ND,ND,ND,ND,,,,
ME0090350,CLINTON WATER DISTRICT,TREAT PT 1,4/27/2022,ND,ND,ND,ND,ND,ND,ND,ND,ND,ND,ND,ND,ND,ND
ME0093881,COASTAL CHRISTIAN SCHOOL,TREAT PT 1,9/7/2022,ND,ND,ND,ND,ND,ND,ND,ND,ND,ND,,,,
ME0092756,COASTAL WASHINGTON CIT,WELL HD 1,1/24/2023,ND,ND,ND,ND,ND,ND,ND,ND,ND,ND,,,,
ME0092376,COCOONS DAY SCHOOL,TREAT PT 1,10/19/2022,ND,ND,ND,ND,ND,ND,ND,ND,ND,ND,ND,ND,ND,ND
ME0090360,COLD SPRING WATER COMPANY,TREAT PT 1,11/29/2023,4.23,4.69,ND,ND,ND,ND,4.23,ND,ND,ND,,,,
ME0007736,COLONIAL MOBILE HOME PARK,MANIFOLD 1,10/11/2022,ND,ND,ND,ND,ND,ND,ND,ND,ND,ND,,,,
ME0007736,COLONIAL MOBILE HOME PARK,MANIFOLD 2,10/11/2022,ND,ND,ND,ND,ND,ND,ND,ND,ND,ND,,,,
ME0000179,CONNOR CONSOLIDATED SCHOOL,TREAT PT 1,5/17/2022,ND,ND,ND,ND,ND,ND,ND,ND,ND,ND,,,,
ME0092305,CORINNA WATER DISTRICT,TREAT PT 1,9/15/2022,ND,ND,ND,ND,ND,ND,ND,ND,ND,ND,,,,
ME0090378,CORINTHIAN MANOR,TREAT PT 1,9/13/2022,ND,ND,ND,ND,ND,ND,ND,ND,ND,ND,,,,
ME0090380,CORNISH WATER DISTRICT,TREAT PT 2,4/6/2022,ND,ND,ND,ND,ND,ND,ND,ND,ND,ND,,,,
ME0090380,CORNISH WATER DISTRICT,TREAT PT 4,3/22/2022,ND,ND,ND,ND,ND,ND,ND,ND,ND,ND,,,,
ME0000183,CORNVILLE REGIONAL CHARTER SCHOOL,TREAT PT 1,10/17/2022,ND,ND,ND,ND,ND,ND,ND,ND,ND,ND,,,,
ME0006648,COUNTRY ACRES TRAILER PARK,WELL HD 1,11/21/2022,ND,ND,ND,ND,ND,ND,ND,ND,ND,ND,,,,
ME0006648,COUNTRY ACRES TRAILER PARK,WELL HD 2,11/21/2022,ND,ND,ND,ND,ND,ND,ND,ND,ND,ND,,,,
ME0092716,COUNTRY KIDS,TREAT PT 1,7/27/2022,ND,ND,ND,ND,ND,ND,ND,ND,ND,ND,,,,
ME0007543,COUNTRY MOBILE HOME PARK,MANIFOLD 1,11/8/2022,ND,ND,ND,ND,ND,ND,ND,ND,ND,ND,,,,
ME0092287,COUNTRY VIEW APARTMENTS,TREAT PT 1,5/16/2022,ND,ND,ND,ND,ND,ND,ND,ND,ND,ND,,,,
ME0092709,COUNTRYSIDE APARTMENTS,TREAT PT 1,9/7/2022,ND,ND,ND,ND,ND,ND,ND,ND,ND,ND,ND,ND,ND,ND
ME0094501,COVERED BRIDGE APARTMENTS,TREAT PT 1,12/13/2022,ND,ND,ND,ND,ND,ND,ND,ND,ND,ND,,,,
ME0092500,CRANTON‐THOMES DAY SCHOOL,WELL HD 1,6/13/2022,ND,ND,ND,ND,ND,ND,ND,ND,ND,ND,,,,
ME0095190,CRAWFORD COMMONS,TREAT PT 2,1/4/2024,12.9,ND,2.85,ND,ND,3.33,6.73,ND,ND,6.23,,,,
ME0007237,CRESCENT MOBILE HOME PARK LLC,WELL HD 1,9/19/2022,ND,ND,ND,ND,ND,ND,ND,ND,ND,ND,,,,
ME0095020,CREST VIEW MANOR,TREAT PT 1,12/5/2022,ND,5.5,ND,ND,ND,ND,ND,ND,ND,ND,ND,,ND,ND
ME0092654,CROSSROADS COMMUNITY MHP,WELL HD 1,7/11/2022,ND,,ND,ND,ND,0.43,1.3,ND,,,,,,
ME0002893,CRYSTAL SPRING ESTATES,TREAT PT 2,9/21/2022,ND,ND,ND,ND,ND,ND,ND,ND,ND,ND,,,,
ME0093802,CSD 8 AIRLINE COMMUNITY SCHOOL,TREAT PT 1,4/13/2022,ND,ND,ND,ND,ND,ND,ND,ND,ND,ND,,,,
ME0092509,DAMARISCOTTA MONTESSORI SCHOOL,TREAT PT 1,12/12/2023,11,18.8,2.18,ND,ND,3.18,5.63,ND,ND,2.93,,,,
ME0090420,DANFORTH WATER DISTRICT,TREAT PT 2,3/7/2022,ND,ND,ND,ND,ND,ND,ND,ND,ND,ND,ND,ND,ND,ND
ME0108180,DAYTON SCHOOL DEPARTMENT,WELL HD 1,10/19/2022,ND,ND,ND,ND,ND,ND,ND,ND,ND,ND,ND,ND,ND,ND
ME0000193,DEDHAM ELEMENTARY SCHOOL,TREAT PT 1,3/25/2024,19.25,ND,5.43,ND,ND,3.22,10.6,ND,ND,7.57,,,,
ME0001194,DEER RIDGE MOBILE HOME PARK,TREAT PT 2,7/25/2023,13.5,11,ND,ND,ND,6.99,6.46,ND,ND,4.27,7.38,ND,5.24,ND
ME0090425,DEER RUN APTS,TREAT PT 1,9/13/2022,ND,ND,ND,ND,ND,ND,ND,ND,ND,ND,,,,
ME0002456,DEL‐WOOD TRAILER PARK,TREAT PT 1,10/18/2022,ND,ND,ND,ND,ND,ND,ND,ND,ND,ND,,,,
ME0090427,DENNYSVILLE HOUSING,TREAT PT 1,11/8/2022,ND,ND,ND,ND,ND,ND,ND,ND,ND,ND,,,,
ME0090440,DEXTER UTILITY  DISTRICT,TREAT PT 1,8/24/2023,2.41,ND,ND,ND,ND,ND,2.41,ND,ND,ND,ND,ND,ND,ND
ME0090450,DINGLEY SPRING ESTATES,TREAT PT 1,12/15/2023,4.86,2.34,ND,ND,ND,2.32,2.54,ND,ND,ND,ND,ND,ND,ND
ME0094694,DIPPER COVE ASSOCIATION,MANIFOLD 1,9/14/2022,ND,ND,ND,ND,ND,ND,ND,ND,ND,ND,,,,
ME0095650,DIRIGO MOBILE HOME PARK,TREAT PT 1,10/27/2022,ND,ND,ND,ND,ND,ND,ND,ND,ND,ND,ND,ND,ND,ND
ME0090460,DIXFIELD WATER & SEWER DEPT,TREAT PT 2,7/6/2022,ND,ND,ND,ND,ND,ND,ND,ND,ND,ND,,,,
ME0001978,DOVER REALTY VENTURES MHP LLC,TREAT PT 1,11/8/2022,ND,ND,ND,ND,ND,ND,ND,ND,ND,ND,,,,
ME0090470,DOVER‐FOXCROFT WATER DISTRICT,TREAT PT 1,9/26/2022,ND,ND,ND,ND,ND,ND,ND,ND,ND,ND,3.21,ND,ND,ND
ME0098560,DOWNEAST CORRECTIONAL FACILITY,TREAT PT 1,10/14/2022,ND,ND,ND,ND,ND,ND,ND,ND,ND,ND,,,,
ME0000207,DRESDEN ELEM SCHOOL,WELL HD 1,12/20/2022,ND,ND,ND,ND,ND,ND,ND,ND,ND,ND,ND,ND,ND,ND
ME0092303,DRESDEN WATER DEPARTMENT,TREAT PT 1,11/29/2022,ND,ND,ND,ND,ND,ND,ND,ND,ND,ND,ND,ND,ND,ND
ME0007001,DUCK‐A‐WAY ON CASCO BAY,TREAT PT 1,6/7/2022,ND,ND,ND,ND,ND,ND,ND,ND,ND,ND,,,,
PWSID,System Name,Facility,"CollectionDate","Sum of the sixMaine‐regulated PFASanalytes (2802‐2807)","2801(PFBS)","2802(PFHPA)","2803(PFHXS)","2804(PFNA)","2805(PFOS)","2806(PFOA)","2807(PFDA)","2808(PFDOA)","2809(PFHXA)","2819(PFBA)","2820PERFLUOROOCTANESULFONIC ACID6:2 FTS","2824(PFPEA)","2828(PFPES)"
ME0094847,DUCKTRAP HARBOR CONDOMINIUMS,TREAT PT 1,9/18/2023,2.46,ND,ND,ND,ND,ND,2.46,ND,ND,ND,,,,
ME0090480,EAGLE LAKE WATER & SEWER DISTRICT,TREAT PT 2,4/20/2022,ND,ND,ND,ND,ND,ND,ND,ND,ND,ND,ND,ND,ND,ND
ME0091150,EAST MILLINOCKET WATER WORKS,TREAT PT 1,11/14/2022,ND,ND,ND,ND,ND,ND,ND,ND,ND,ND,,,,
ME0092255,EAST PITTSTON WATER DISTRICT,TREAT PT 1,9/7/2022,ND,ND,ND,ND,ND,ND,ND,ND,ND,ND,,,,
ME0092325,EAST RIDGE MOBILE HOME PARK,TREAT PT 1,9/26/2022,ND,ND,ND,ND,ND,ND,ND,ND,ND,ND,,,,
ME0090500,EAST VASSALBORO WATER COMPANY LLC,TREAT PT 2,9/6/2022,ND,ND,ND,ND,ND,ND,ND,ND,ND,ND,ND,ND,ND,ND
ME0000212,EASTON ELEMENTARY SCHOOL,TREAT PT 1,12/20/2022,ND,ND,ND,ND,ND,ND,ND,ND,ND,ND,,,,
ME0093811,EASTON HIGH SCHOOL,TREAT PT 1,12/20/2022,ND,ND,ND,ND,ND,ND,ND,ND,ND,ND,ND,ND,ND,ND
ME0008806,EDMUNDS CONSOLIDATED SCHOOL,TREAT PT 1,12/19/2023,9.7,ND,ND,ND,ND,7.16,2.54,ND,ND,ND,,,,
ME0092552,ELLIOTT APARTMENTS,TREAT PT 1,12/22/2022,7.52,5.58,ND,ND,ND,4.94,2.58,ND,ND,2.77,,,,
ME0090520,ELLSWORTH WATER DEPARTMENT,TREAT PT 2,12/20/2021,ND,ND,ND,ND,ND,ND,ND,ND,ND,ND,,,,
ME0092366,ELWELL FARMS,TREAT PT 1,11/2/2022,ND,ND,ND,ND,ND,ND,ND,ND,ND,2.07,ND,ND,2.18,ND
ME0000176,ERSKINE ACADEMY,TREAT PT 1,6/14/2023,6.64,2.11,ND,ND,ND,2.6,4.04,ND,ND,10.9,,,,
ME0002809,ESTES LAKE MOBILE HOME PARK,WELL HD 4,5/11/2023,ND,ND,ND,ND,ND,ND,ND,ND,ND,ND,ND,ND,ND,ND
ME0091520,EUSTIS WATER DEPARTMENT,TREAT PT 1,4/12/2022,ND,ND,ND,ND,ND,ND,ND,ND,ND,ND,,,,
ME0007154,EVERGREEN COMMUNITY MH PARK,TREAT PT 1,9/13/2022,ND,ND,ND,ND,ND,ND,ND,ND,ND,ND,,,,
ME0007731,EVERGREEN ESTATES OF LEBANON LLC,TREAT PT 1,10/4/2022,ND,ND,ND,ND,ND,ND,ND,ND,ND,ND,ND,ND,ND,ND
ME0001972,EVERGREEN MOBILE HOME PARK,WELL HD 1,5/20/2022,ND,ND,ND,ND,ND,ND,ND,ND,ND,ND,,,,
ME0092292,EXETER WATER DEPARTMENT,TREAT PT 1,10/5/2022,ND,ND,ND,ND,ND,ND,ND,ND,ND,ND,ND,ND,ND,ND
ME0091780,FAIRGROUND APARTMENTS,WELL HD 1,4/4/2022,ND,ND,ND,ND,ND,ND,ND,ND,ND,ND,,,,
ME0093806,FAITH BIBLE COLLEGE INTERNATIONAL,TREAT PT 1,7/6/2022,ND,ND,ND,ND,ND,ND,ND,ND,ND,ND,,,,
ME0090530,FARMINGTON FALLS STD WATER DIST,WELL HD 3,12/13/2022,ND,ND,ND,ND,ND,ND,ND,ND,ND,ND,ND,ND,ND,ND
ME0090540,FARMINGTON VILLAGE CORP WATER DEPT,TREAT PT 1,6/9/2022,ND,ND,ND,ND,ND,ND,ND,ND,ND,ND,,,,
ME0090540,FARMINGTON VILLAGE CORP WATER DEPT,TREAT PT 2,6/9/2022,ND,ND,ND,ND,ND,ND,ND,ND,ND,ND,,,,
ME0000242,FAYETTE CENTRAL SCHOOL,WELL HD 1,3/9/2023,ND,ND,ND,ND,ND,ND,ND,ND,ND,ND,,,,
ME0000104,FHC INC,WELL HD 1,6/28/2022,ND,ND,ND,ND,ND,ND,ND,ND,ND,ND,ND,ND,ND,ND
ME0092560,FIRST UNITED PENTECOSTAL CHURCH‐AUGUSTA,TREAT PT 1,11/15/2022,ND,ND,ND,ND,ND,ND,ND,ND,ND,ND,,,,
ME0090550,FORT FAIRFIELD UTILITIES DISTRICT,TREAT PT 1,10/24/2022,ND,ND,ND,ND,ND,ND,ND,ND,ND,ND,,,,
ME0090550,FORT FAIRFIELD UTILITIES DISTRICT,TREAT PT 2,10/24/2022,ND,ND,ND,ND,ND,ND,ND,ND,ND,ND,,,,
ME0090560,FORT KENT W & W DEPARTMENT,TREAT PT 1,9/6/2022,ND,ND,ND,ND,ND,ND,ND,ND,ND,ND,,,,
ME0092371,FOUR WINDS HOMEOWNERS ASSN,TREAT PT 1,3/14/2022,ND,ND,ND,ND,ND,ND,ND,ND,ND,3.01,,,,
ME0090570,FRANKLIN WATER DEPARTMENT,TREAT PT 5,1/30/2024,3.08,ND,ND,3.08,ND,ND,ND,ND,ND,7.27,,,,
ME0007086,FRIENDLY VILLAGE OF GORHAM MHP,TREAT PT 1,8/22/2023,3.7,ND,ND,ND,ND,3.7,ND,ND,ND,ND,ND,ND,ND,ND
ME0092040,FRIENDSHIP WATER DEPARTMENT,TREAT PT 1,12/6/2022,ND,ND,ND,ND,ND,ND,ND,ND,ND,ND,ND,ND,ND,ND
ME0090600,FRYEBURG WATER COMPANY,TREAT PT 2,1/3/2024,ND,ND,ND,ND,ND,ND,ND,ND,ND,ND,ND,ND,ND,ND
ME0090600,FRYEBURG WATER COMPANY,TREAT PT 3,5/12/2022,ND,ND,ND,ND,ND,ND,ND,ND,ND,ND,ND,ND,ND,ND
ME0090745,GAELIC SQUARE HOUSING,TREAT PT 1,3/22/2023,5.18,6.46,ND,ND,ND,2.01,3.17,ND,ND,ND,,,,
ME0090610,GARDINER WATER DISTRICT,TREAT PT 1,12/15/2023,5.25,ND,ND,ND,ND,2.59,2.66,ND,ND,3.19,3.64,ND,2.3,ND
ME0007372,GEORGE POND ESTATES LLC,WELL HD 1,11/2/2023,ND,ND,ND,ND,ND,ND,ND,ND,ND,ND,,,,
ME0007372,GEORGE POND ESTATES LLC,WELL HD 2,10/5/2022,ND,ND,ND,ND,ND,ND,ND,ND,ND,ND,,,,
ME0011183,GEORGE STEVENS ACADEMY,TREAT PT 1,10/19/2022,ND,ND,ND,ND,ND,ND,ND,ND,ND,ND,4.53,ND,4.28,ND
ME0000266,GLENBURN ELEM SCHOOL,TREAT PT 1,7/24/2023,ND,ND,ND,ND,ND,ND,ND,ND,ND,ND,,,,
ME0092764,GOLDEN SUN CHILD CARE,TREAT PT 1,8/17/2022,ND,ND,ND,ND,ND,ND,ND,ND,ND,ND,ND,ND,ND,ND
ME0092764,GOLDEN SUN CHILD CARE,TREAT PT 2,12/7/2022,ND,ND,ND,ND,ND,ND,ND,ND,ND,ND,ND,ND,ND,ND
ME0000225,GOOD WILL HOME ASSOCIATION,TREAT PT 2,6/1/2022,ND,ND,ND,ND,ND,ND,ND,ND,ND,ND,,,,
ME0092285,GRAND ISLE WATER SYSTEM,TREAT PT 1,8/1/2022,ND,ND,ND,ND,ND,ND,ND,ND,ND,ND,,,,
ME0003060,GRANDEUR MOBILE HOME ESTATES,TREAT PT 1,10/25/2022,ND,ND,ND,ND,ND,ND,ND,ND,ND,ND,,,,
ME0090620,GRAY WATER DISTRICT,TREAT PT 1,9/14/2023,2.65,3.99,ND,ND,ND,ND,2.65,ND,ND,2.24,,,,
ME0090620,GRAY WATER DISTRICT,TREAT PT 2,5/11/2022,ND,ND,ND,ND,ND,ND,ND,ND,ND,ND,,,,
ME0090410,GREAT SALT BAY SANITARY DISTRICT,TREAT PT 2,11/21/2022,ND,ND,ND,ND,ND,ND,ND,ND,ND,ND,,,,
ME0090080,GREATER AUGUSTA UTILITY DISTRICT,TREAT PT 4,3/22/2023,ND,ND,ND,ND,ND,ND,ND,ND,ND,ND,,,,
ME0090080,GREATER AUGUSTA UTILITY DISTRICT,TREAT PT 5,3/22/2023,8.53,ND,ND,ND,ND,3.87,4.66,ND,ND,2.85,,,,
ME0005825,GREENLEDGE PARK LLC,WELL HD 1,9/19/2022,ND,ND,ND,ND,ND,ND,ND,ND,ND,ND,,,,
ME0092327,GREENWOOD GARDEN APARTMENTS,TREAT PT 1,11/8/2022,ND,ND,ND,ND,ND,ND,ND,ND,ND,ND,,,,
ME0090640,GUILFORD‐SANGERVILLE WATER DISTRICT,TREAT PT 1,10/11/2023,3.16,ND,ND,ND,ND,3.16,ND,ND,ND,ND,,,,
PWSID,System Name,Facility,"CollectionDate","Sum of the sixMaine‐regulated PFASanalytes (2802‐2807)","2801(PFBS)","2802(PFHPA)","2803(PFHXS)","2804(PFNA)","2805(PFOS)","2806(PFOA)","2807(PFDA)","2808(PFDOA)","2809(PFHXA)","2819(PFBA)","2820PERFLUOROOCTANESULFONIC ACID6:2 FTS","2824(PFPEA)","2828(PFPES)"
ME0090640,GUILFORD‐SANGERVILLE WATER DISTRICT,TREAT PT 2,10/11/2023,4.27,ND,ND,ND,ND,ND,4.27,ND,ND,2.28,,,,
ME0092296,HADLEYS LAKE APARTMENTS,TREAT PT 1,9/13/2022,ND,ND,ND,ND,ND,ND,ND,ND,ND,ND,,,,
ME0095679,HALLOWELL ROAD MOBILE HOME PARK,WELL HD 1,11/21/2022,ND,ND,ND,ND,ND,ND,ND,ND,ND,ND,ND,ND,ND,ND
ME0090650,HALLOWELL WATER DISTRICT,TREAT PT 2,2/27/2024,ND,ND,ND,ND,ND,ND,ND,ND,ND,ND,ND,ND,ND,ND
ME0090660,HAMPDEN WATER DISTRICT,TREAT PT 2,11/8/2022,ND,ND,ND,ND,ND,ND,ND,ND,ND,ND,,,,
ME0090660,HAMPDEN WATER DISTRICT,TREAT PT 3,11/8/2022,ND,ND,ND,ND,ND,ND,ND,ND,ND,ND,,,,
ME0000288,HANCOCK GRAMMAR SCHOOL,TREAT PT 1,1/15/2024,ND,ND,ND,ND,ND,ND,ND,ND,ND,ND,,,,
ME0002527,HANCOCK VILLAGE MHP,TREAT PT 1,12/5/2022,ND,ND,ND,ND,ND,ND,ND,ND,ND,ND,,,,
ME0003377,HAPPY TRAILS MHP,WELL HD 4,1/12/2023,2.81,ND,ND,2.81,ND,ND,ND,ND,ND,ND,ND,ND,ND,ND
ME0092165,HARBORVIEW I & II,TREAT PT 1,9/12/2022,ND,ND,ND,ND,ND,ND,ND,ND,ND,ND,,,,
ME0092364,HARMON PINES DEVELOPMENT,TREAT PT 1,11/2/2022,ND,ND,ND,ND,ND,ND,ND,ND,ND,ND,ND,ND,ND,ND
ME0009166,HARMONY ELEMENTARY SCHOOL,TREAT PT 1,2/15/2023,ND,ND,ND,ND,ND,ND,ND,ND,ND,ND,,,,
ME0002245,HARRIMAN COVE PARK LLC,TREAT PT 1,11/9/2022,ND,ND,ND,ND,ND,ND,ND,ND,ND,ND,,,,
ME0090670,HARRISON WATER DISTRICT,TREAT PT 1,11/28/2023,ND,ND,ND,ND,ND,ND,ND,ND,ND,ND,ND,ND,ND,ND
ME0105637,HAVASU PINES MHP,TREAT PT 1,11/13/2023,2.15,2.33,ND,ND,ND,ND,2.15,ND,ND,ND,,,,
ME0005637,HAVASU PINES MHP #1,TREAT PT 1,11/13/2023,4.38,ND,ND,ND,ND,4.38,ND,ND,ND,ND,,,,
ME0090690,HEBRON WATER COMPANY,TREAT PT 1,3/18/2022,ND,ND,ND,ND,ND,ND,ND,ND,ND,ND,ND,ND,ND,ND
ME0000278,HELEN S DUNN SCHOOL,WELL HD 1,7/26/2022,ND,ND,ND,ND,ND,ND,ND,ND,ND,ND,ND,ND,ND,ND
ME0091890,HERITAGE VIEW APTS,TREAT PT 1,10/18/2022,ND,ND,ND,ND,ND,ND,ND,ND,ND,ND,,,,
ME0094508,HERMON HIGH SCHOOL,WELL HD 1,2/9/2024,ND,ND,ND,ND,ND,ND,ND,ND,ND,ND,,,,
ME0007336,HERMON MHP LLC,TREAT PT 2,10/12/2023,6.25,8.47,ND,ND,ND,4.13,2.12,ND,ND,ND,,,,
ME0093815,HERMON MIDDLE SCHOOL #2,TREAT PT 1,1/6/2023,12.8,ND,2.34,ND,ND,5.04,5.45,ND,ND,4.12,,,,
ME0007990,HIDDEN LAKE VILLAGE LLC,TREAT PT 1,9/12/2022,ND,ND,ND,ND,ND,ND,ND,ND,ND,ND,ND,ND,ND,ND
ME0003907,HIGHPINE MOBILE HOME COURT,TREAT PT 1,9/19/2023,6.8,ND,ND,ND,ND,6.8,ND,ND,ND,ND,ND,ND,ND,ND
ME0092741,HIGHPINE VILLAGE,WELL HD 1,3/17/2022,ND,ND,ND,ND,ND,ND,ND,ND,ND,ND,ND,ND,ND,ND
ME0092741,HIGHPINE VILLAGE,WELL HD 2,3/17/2022,ND,ND,ND,ND,ND,ND,ND,ND,ND,ND,ND,ND,ND,ND
ME0092741,HIGHPINE VILLAGE,WELL HD 3,3/17/2022,ND,ND,ND,ND,ND,ND,ND,ND,ND,ND,ND,ND,ND,ND
ME0094918,HIGHVIEW CHRISTIAN ACADEMY,TREAT PT 1,1/8/2024,ND,ND,ND,ND,ND,ND,ND,ND,ND,2.27,,,,
ME0095240,HILLHOUSE INC,TREAT PT 1,6/23/2022,ND,ND,ND,ND,ND,ND,ND,ND,ND,ND,,,,
ME0003535,HILLVIEW ESTATES,MANIFOLD 1,10/19/2022,ND,ND,ND,ND,ND,ND,ND,ND,ND,ND,,,,
ME0095699,HINGHAM HEIGHTS,WELL HD 1,10/3/2022,ND,ND,ND,ND,ND,ND,ND,ND,ND,ND,,,,
ME0094503,HODGDON HOMESTEAD,TREAT PT 1,12/26/2023,2.38,2.12,ND,ND,ND,2.38,ND,ND,ND,ND,,,,
ME0092155,HOLDEN SQUARE APARTMENTS,WELL HD 1,11/3/2022,ND,ND,ND,ND,ND,ND,ND,ND,ND,ND,,,,
ME0094194,HOME INC & LEARNING CENTER,TREAT PT 1,1/22/2024,ND,ND,ND,ND,ND,ND,ND,ND,ND,ND,ND,ND,ND,ND
ME0095640,HOMESTEAD ESTATES LLC,TREAT PT 1,10/3/2022,ND,ND,ND,ND,ND,ND,ND,ND,ND,ND,,,,
ME0017236,HOPE ELEMENTARY SCHOOL,WELL HD 1,12/6/2022,ND,ND,ND,ND,ND,ND,ND,ND,ND,ND,ND,ND,ND,ND
ME0092313,HOULTON MOBILE HOME PARK,TREAT PT 1,11/11/2021,,3.12,,,,,,,ND,6.25,2.9,,7.03,3.93
ME0092313,HOULTON MOBILE HOME PARK,TREAT PT 1,6/14/2022,169,,2.98,24,ND,138,3.96,ND,,,,,,
ME0090700,HOULTON WATER COMPANY,TREAT PT 2,2/7/2024,3.92,ND,ND,ND,ND,3.92,ND,ND,ND,ND,,,,
ME0090700,HOULTON WATER COMPANY,TREAT PT 3,10/2/2023,ND,ND,ND,ND,ND,ND,ND,ND,ND,ND,,,,
ME0003342,HOWARDS TRAILER PARK,TREAT PT 1,12/2/2022,2.28,ND,2.28,ND,ND,ND,ND,ND,ND,2.97,2.02,ND,3.27,ND
ME0095530,INDIAN RUN ESTATES LLC,TREAT PT 1,3/30/2022,ND,ND,ND,ND,ND,ND,ND,ND,ND,ND,,,,
ME0090719,INDIAN TOWNSHIP TRIBAL WATER SYSTEM,TREAT PT 2,11/22/2022,ND,ND,ND,ND,ND,ND,ND,ND,ND,ND,,,,
ME0090719,INDIAN TOWNSHIP TRIBAL WATER SYSTEM,TREAT PT 3,11/22/2022,ND,ND,ND,ND,ND,ND,ND,ND,ND,ND,,,,
ME0090720,ISLAND FALLS WATER DEPT,TREAT PT 1,12/6/2022,ND,ND,ND,ND,ND,ND,ND,ND,ND,ND,,,,
ME0090720,ISLAND FALLS WATER DEPT,TREAT PT 2,12/6/2022,ND,ND,ND,ND,ND,ND,ND,ND,ND,ND,,,,
ME0090730,JACKMAN UTILITY DISTRICT,TREAT PT 1,8/29/2022,ND,ND,ND,ND,ND,ND,ND,ND,ND,ND,,,,
ME0090740,JAY VILLAGE WATER DISTRICT,C CONN 2,7/19/2022,ND,ND,ND,ND,ND,ND,ND,ND,ND,ND,,,,
ME0000529,JORDAN‐SMALL MIDDLE SCHOOL,TREAT PT 1,11/21/2022,ND,ND,ND,ND,ND,ND,ND,ND,ND,ND,ND,ND,ND,ND
ME0092466,KELLYS PLACE LEARNING CENTER LLC,TREAT PT 1,11/15/2023,2.8,2.26,ND,ND,ND,2.8,ND,ND,ND,ND,,,,
ME0005192,KENNEBEC MOBILE HOME PARK,WELL HD 1,9/22/2022,ND,ND,ND,ND,ND,ND,ND,ND,ND,ND,,,,
ME0090750,KENNEBEC WATER DISTRICT,TREAT PT 1,2/21/2023,8.3,ND,3.9,ND,ND,ND,4.4,ND,ND,ND,ND,ND,ND,ND
ME0090760,"KENNEBUNK, KENNEBUNKPORT & WELLS WD",TREAT PT 1,5/25/2022,ND,ND,ND,ND,ND,ND,ND,ND,ND,ND,,,,
ME0090760,"KENNEBUNK, KENNEBUNKPORT & WELLS WD",TREAT PT 2,9/20/2022,ND,ND,ND,ND,ND,ND,ND,ND,ND,ND,,,,
ME0090760,"KENNEBUNK, KENNEBUNKPORT & WELLS WD",TREAT PT 3,10/5/2023,ND,ND,ND,ND,ND,ND,ND,ND,ND,ND,ND,ND,ND,ND
PWSID,System Name,Facility,"CollectionDate","Sum of the sixMaine‐regulated PFASanalytes (2802‐2807)","2801(PFBS)","2802(PFHPA)","2803(PFHXS)","2804(PFNA)","2805(PFOS)","2806(PFOA)","2807(PFDA)","2808(PFDOA)","2809(PFHXA)","2819(PFBA)","2820PERFLUOROOCTANESULFONIC ACID6:2 FTS","2824(PFPEA)","2828(PFPES)"
ME0000531,KENTS HILL SCHOOL,MANIFOLD 1,3/23/2022,ND,ND,ND,ND,ND,ND,ND,ND,ND,ND,ND,ND,ND,ND
ME0092802,KEREBEAR CHILD CARE,TREAT PT 1,10/5/2022,ND,ND,ND,ND,ND,ND,ND,ND,ND,ND,ND,ND,ND,ND
ME0009644,KEYWOOD MANOR MOBILE HOME PARK LP,TREAT PT 1,10/4/2022,ND,ND,ND,ND,ND,ND,ND,ND,ND,ND,ND,ND,ND,ND
ME0092434,KIDQUARTERS CHILD CARE CENTER,TREAT PT 1,12/6/2023,2.55,ND,ND,ND,ND,2.55,ND,ND,ND,ND,,,,
ME0092347,KIDS & CO CHILDCARE CENTER,TREAT PT 1,7/12/2022,ND,ND,ND,ND,ND,ND,ND,ND,ND,ND,,,,
ME0092437,KIDS COUNT LEARNING CENTER,TREAT PT 1,10/27/2022,ND,ND,ND,ND,ND,ND,ND,ND,ND,ND,,,,
ME0094196,KIDSPEACE‐NEW ENGLAND‐CAFETERIA,TREAT PT 1,9/27/2022,ND,ND,ND,ND,ND,ND,ND,ND,ND,ND,,,,
ME0090780,KINGFIELD WATER DISTRICT,TREAT PT 2,7/27/2022,ND,ND,ND,ND,ND,ND,ND,ND,ND,ND,,,,
ME0090790,KITTERY WATER DISTRICT,TREAT PT 1,4/5/2022,ND,ND,ND,ND,ND,ND,ND,ND,ND,ND,,,,
ME0090800,KNIGHTS HILL ASSOCIATION,TREAT PT 1,10/24/2022,ND,2.62,ND,ND,ND,ND,ND,ND,ND,ND,,,,
ME0090811,LAKE ARROWHEAD COMMUNITY INC,TREAT PT 1,9/8/2022,ND,ND,ND,ND,ND,ND,ND,ND,ND,ND,,,,
ME0092299,LAKE ST GEORGE APARTMENTS,TREAT PT 1,9/14/2022,ND,ND,ND,ND,ND,ND,ND,ND,ND,ND,ND,ND,ND,ND
ME0019577,LAKES REGION APARTMENTS,WELL HD 1,11/29/2022,ND,ND,ND,ND,ND,ND,ND,ND,ND,ND,ND,ND,ND,ND
ME0000338,LEE ACADEMY #1,WELL HD 1,7/6/2023,6.94,ND,ND,ND,ND,3.51,3.43,ND,ND,7.6,,,,
ME0400338,LEE ACADEMY #3,TREAT PT 1,7/6/2023,6.32,ND,ND,ND,ND,3.14,3.18,ND,ND,ND,,,,
ME0200338,LEE ACADEMY‐COBB CENTER,WELL HD 1,7/6/2023,16.3,ND,ND,ND,4.21,5.84,6.28,ND,ND,2.18,,,,
ME0092787,LEIGHTONS LITTLE BEAR DEN,WELL HD 1,10/17/2022,ND,ND,ND,ND,ND,ND,ND,ND,ND,ND,,,,
ME0090830,LEWISTON WATER & SEWER DIVISION,TREAT PT 3,3/8/2022,ND,ND,ND,ND,ND,ND,ND,ND,ND,ND,ND,ND,ND,ND
ME0092467,LIFE CHURCH‐SUNNY DAYS CHILDCARE,TREAT PT 1,2/6/2024,ND,ND,ND,ND,ND,ND,ND,ND,ND,ND,,,,
ME0092467,LIFE CHURCH‐SUNNY DAYS CHILDCARE,WELL HD 1,6/27/2022,26.5,5.84,5.42,ND,ND,7.42,13.7,ND,ND,28.1,,,,
ME0007963,LIMERICK MOBILE HOME PARK LLC,MANIFOLD 1,10/26/2022,ND,ND,ND,ND,ND,ND,ND,ND,ND,ND,ND,ND,ND,ND
ME0090850,LIMERICK WATER DISTRICT,TREAT PT 1,10/17/2022,ND,ND,ND,ND,ND,ND,ND,ND,ND,ND,,,,
ME0090850,LIMERICK WATER DISTRICT,TREAT PT 2,12/12/2023,4.52,ND,ND,ND,ND,4.52,ND,ND,ND,ND,,,,
ME0090840,LIMESTONE WATER & SEWER DISTRICT,TREAT PT 1,9/13/2022,ND,ND,ND,ND,ND,ND,ND,ND,ND,ND,,,,
ME0090860,LINCOLN WATER DISTRICT,MANIFOLD 2,5/9/2022,ND,ND,ND,ND,ND,ND,ND,ND,ND,ND,,,,
ME0090870,LISBON WATER DEPARTMENT,TREAT PT 2,6/8/2022,ND,ND,ND,ND,ND,ND,ND,ND,ND,3.76,,,,
ME0090870,LISBON WATER DEPARTMENT,WELL HD 1,12/21/2023,4.64,ND,ND,4.64,ND,ND,ND,ND,ND,ND,,,,
ME0090870,LISBON WATER DEPARTMENT,WELL HD 4,12/21/2023,7.68,11.4,ND,5.62,ND,ND,2.06,ND,ND,ND,,,,
ME0092502,LITTLE BUDDIES CHILDCARE LLC,TREAT PT 2,6/17/2022,ND,ND,ND,ND,ND,ND,ND,ND,ND,ND,,,,
ME0092766,LITTLE FARM SCHOOL,WELL HD 1,6/6/2022,ND,ND,ND,ND,ND,ND,ND,ND,ND,ND,,,,
ME0092651,LITTLE LEARNERS CHILD CARE CENTER,TREAT PT 1,5/16/2022,ND,ND,ND,ND,ND,ND,ND,ND,ND,ND,,,,
ME0092396,LITTLE LEARNERS CHILDCARE,TREAT PT 1,5/16/2022,ND,ND,ND,ND,ND,ND,ND,ND,ND,ND,,,,
ME0092571,LITTLE TYKES II CHILD CARE,TREAT PT 1,11/22/2022,ND,ND,ND,ND,ND,ND,ND,ND,ND,ND,ND,ND,ND,ND
ME0090880,LIVERMORE FALLS WATER DISTRICT,TREAT PT 1,2/14/2022,ND,ND,ND,ND,ND,ND,ND,ND,ND,ND,,,,
ME0092457,LIVING WATERS CHRISTIAN SCHOOL,TREAT PT 1,10/13/2022,ND,ND,ND,ND,ND,ND,ND,ND,ND,ND,ND,ND,ND,ND
ME0090890,LONG POND WATER DISTRICT,TREAT PT 1,5/11/2022,ND,ND,ND,ND,ND,ND,ND,ND,ND,ND,,,,
ME0090915,LORING DEVELOPMENT AUTHORITY,TREAT PT 1,4/19/2022,ND,ND,ND,ND,ND,ND,ND,ND,ND,ND,,,,
ME0007968,LORING WOODS PARK,TREAT PT 1,10/18/2022,1.9,ND,ND,ND,ND,ND,1.9,ND,ND,ND,,,,
ME0090900,LUBEC WATER  DISTRICT,TREAT PT 1,8/24/2022,ND,ND,ND,ND,ND,ND,ND,ND,ND,ND,,,,
ME0092499,LYNNS WAY,TREAT PT 1,11/9/2022,ND,2.44,ND,ND,ND,ND,ND,ND,ND,ND,,,,
ME0004628,MACHIAS TRAILER PARK,WELL HD 1,10/17/2022,ND,ND,ND,ND,ND,ND,ND,ND,ND,ND,,,,
ME0090910,MACHIAS WATER COMPANY,TREAT PT 1,9/13/2022,ND,ND,ND,ND,ND,ND,ND,ND,ND,ND,,,,
ME0090920,MADAWASKA WATER DISTRICT,TREAT PT 2,2/7/2023,ND,ND,ND,ND,ND,ND,ND,ND,ND,ND,,,,
ME0090920,MADAWASKA WATER DISTRICT,TREAT PT 3,2/7/2023,2.49,ND,ND,ND,ND,ND,2.49,ND,ND,ND,,,,
ME0090170,MAINE WATER COMPANY BIDDEFORD SACO DIV,TREAT PT 1,6/15/2022,ND,ND,ND,ND,ND,ND,ND,ND,ND,ND,ND,ND,ND,ND
ME0090280,MAINE WATER COMPANY BUCKSPORT DIVISION,TREAT PT 1,3/15/2022,ND,ND,ND,ND,ND,ND,ND,ND,ND,ND,2.27,ND,ND,ND
ME0090300,MAINE WATER COMPANY CAMDEN & ROCKLAND,TREAT PT 1,8/2/2022,ND,ND,ND,ND,ND,ND,ND,ND,ND,ND,ND,ND,ND,ND
ME0090580,MAINE WATER COMPANY FREEPORT DIVISION,TREAT PT 3,9/13/2022,ND,ND,ND,ND,ND,ND,ND,ND,ND,ND,ND,ND,ND,ND
ME0090630,MAINE WATER COMPANY GREENVILLE DIVISION,TREAT PT 3,10/26/2022,ND,ND,ND,ND,ND,ND,ND,ND,ND,ND,ND,ND,ND,ND
ME0090680,MAINE WATER COMPANY HARTLAND DIVISION,TREAT PT 2,7/18/2022,ND,10.3,ND,ND,ND,ND,ND,ND,ND,ND,ND,ND,ND,ND
ME0090770,MAINE WATER COMPANY KEZAR FALLS DIVISION,TREAT PT 1,5/12/2022,ND,ND,ND,ND,ND,ND,ND,ND,ND,ND,ND,ND,ND,ND
ME0090990,MAINE WATER COMPANY MILLINOCKET DIVISION,TREAT PT 1,5/17/2022,ND,ND,ND,ND,ND,ND,ND,ND,ND,ND,ND,ND,ND,ND
ME0091190,MAINE WATER COMPANY OAKLAND DIVISION,TREAT PT 2,8/28/2023,10.4,ND,4.97,ND,ND,ND,5.47,ND,ND,2.77,5.46,ND,2.1,ND
ME0091450,MAINE WATER COMPANY SKOWHEGAN DIVISION,TREAT PT 1,1/23/2023,ND,2.21,ND,ND,ND,ND,ND,ND,ND,ND,2.51,ND,ND,ND
ME0091537,MAINE WATER COMPANY UNION DIVISION,TREAT PT 1,8/17/2022,ND,ND,ND,ND,ND,ND,ND,ND,ND,ND,ND,ND,ND,ND
PWSID,System Name,Facility,"CollectionDate","Sum of the sixMaine‐regulated PFASanalytes (2802‐2807)","2801(PFBS)","2802(PFHPA)","2803(PFHXS)","2804(PFNA)","2805(PFOS)","2806(PFOA)","2807(PFDA)","2808(PFDOA)","2809(PFHXA)","2819(PFBA)","2820PERFLUOROOCTANESULFONIC ACID6:2 FTS","2824(PFPEA)","2828(PFPES)"
ME0091565,MAINE WATER COMPANY WARREN DIVISION,TREAT PT 1,7/19/2022,ND,ND,ND,ND,ND,ND,ND,ND,ND,ND,ND,ND,ND,ND
ME0095340,MAPLE RIDGE MOBILE HOME PARK,TREAT PT 1,12/15/2022,ND,ND,ND,ND,ND,ND,ND,ND,ND,ND,,,,
ME0092160,MAPLE TREE ESTATES,TREAT PT 1,8/31/2022,ND,ND,ND,ND,ND,ND,ND,ND,ND,ND,,,,
ME0092824,MAPLESTONE SCHOOL,WELL HD 1,9/12/2022,ND,ND,ND,ND,ND,ND,ND,ND,ND,ND,ND,ND,ND,ND
ME0014643,MAPLEWOOD MOBILE HOME PARK,TREAT PT 1,11/21/2022,ND,ND,ND,ND,ND,ND,ND,ND,ND,ND,ND,ND,ND,ND
ME0090940,MARS HILL AND BLAINE WATER COMPANY,TREAT PT 1,4/13/2022,ND,ND,ND,ND,ND,ND,ND,ND,ND,ND,,,,
ME0092288,MARSH BROOK ESTATES,TREAT PT 1,5/5/2022,ND,ND,ND,ND,ND,ND,ND,ND,ND,ND,ND,ND,ND,ND
ME0006735,MARSHWOOD ESTATES,TREAT PT 1,6/1/2022,ND,,ND,ND,ND,ND,ND,ND,,,,,,
ME0090949,MATTAWAMKEAG HOUSING CORP,TREAT PT 2,4/20/2023,ND,ND,ND,ND,ND,ND,ND,ND,ND,ND,ND,ND,ND,ND
ME0092540,MAYBERRY HILL PRESCHOOL,WELL HD 1,11/21/2022,ND,ND,ND,ND,ND,ND,ND,ND,ND,ND,ND,ND,ND,ND
ME0092175,MCCULLEY COMMONS APARTMENTS,TREAT PT 1,8/31/2022,ND,ND,ND,ND,ND,ND,ND,ND,ND,ND,,,,
ME0092363,MEADOWVIEW APARTMENTS,TREAT PT 1,8/23/2022,ND,ND,ND,ND,ND,ND,ND,ND,ND,ND,,,,
ME0090960,MECHANIC FALLS WATER DEPT,TREAT PT 2,10/3/2023,2.52,ND,ND,ND,ND,ND,2.52,ND,ND,3.21,,,,
ME0090970,MEXICO WATER DISTRICT,TREAT PT 4,7/6/2022,ND,ND,ND,ND,ND,ND,ND,ND,ND,ND,,,,
ME0092747,MIDCOAST REGIONAL REDEVELOP AUTHORITY,C CONN 1,11/8/2023,ND,ND,ND,ND,ND,ND,ND,ND,ND,ND,2.07,ND,ND,ND
ME0090980,MILBRIDGE WATER DISTRICT,MANIFOLD 1,5/11/2022,ND,ND,ND,ND,ND,ND,ND,ND,ND,ND,,,,
ME0090980,MILBRIDGE WATER DISTRICT,TREAT PT 1,5/11/2022,ND,ND,ND,ND,ND,ND,ND,ND,ND,ND,,,,
ME0000012,MILDRED L DAY SCHOOL ‐ ARUNDEL,TREAT PT 1,10/4/2022,ND,ND,ND,ND,ND,ND,ND,ND,ND,ND,,,,
ME0092705,MILESTONES PRESCHOOL & CHILDCARE,WELL HD 1,11/16/2023,9.76,7.34,ND,2.59,ND,3.29,3.88,ND,ND,2.64,2.87,ND,2.12,ND
ME0092260,MILLSTONE APARTMENTS,TREAT PT 3,3/21/2024,11.61,ND,5.83,ND,ND,ND,5.78,ND,ND,4.39,3.55,ND,3.04,ND
ME0091000,MILO WATER DISTRICT,TREAT PT 1,11/17/2022,ND,ND,ND,ND,ND,ND,ND,ND,ND,ND,,,,
ME0092658,MMCA‐SALT BAY HEAD START,WELL HD 1,1/30/2023,2.82,ND,ND,ND,ND,ND,2.82,ND,ND,ND,ND,ND,ND,ND
ME0091020,MONMOUTH WATER ASSOCIATION,C CONN 1,5/18/2022,ND,ND,ND,ND,ND,ND,ND,ND,ND,ND,ND,ND,ND,ND
ME0091030,MONSON UTILITIES DISTRICT,TREAT PT 1,11/21/2022,ND,ND,ND,ND,ND,ND,ND,ND,ND,ND,,,,
ME0091030,MONSON UTILITIES DISTRICT,TREAT PT 2,11/21/2022,ND,ND,ND,ND,ND,ND,ND,ND,ND,ND,,,,
ME0091031,MONTFORT HEIGHTS,TREAT PT 1,8/31/2022,ND,ND,ND,ND,ND,ND,ND,ND,ND,ND,,,,
ME0091032,MONTICELLO HOUSING CORPORATION,TREAT PT 1,9/19/2022,ND,ND,ND,ND,ND,ND,ND,ND,ND,ND,,,,
ME0091850,MOOSEHEAD TRAIL VILLAGE,TREAT PT 1,8/8/2023,2.63,ND,ND,ND,ND,ND,2.63,ND,ND,2.34,ND,ND,ND,ND
ME0091040,MORRILL VILLAGE WATER DISTRICT,TREAT PT 1,10/9/2023,7.14,ND,ND,ND,4.94,2.2,ND,ND,ND,2.02,,,,
ME0091050,MOSCOW WATER DISTRICT,C CONN 2,8/23/2022,ND,ND,ND,ND,ND,ND,ND,ND,ND,ND,,,,
ME0091140,MOUNT DESERT WATER DIST NORTH,TREAT PT 1,3/9/2022,ND,ND,ND,ND,ND,ND,ND,ND,ND,ND,,,,
ME0091420,MOUNT DESERT WATER DIST ‐SEAL,TREAT PT 1,3/1/2022,ND,ND,ND,ND,ND,ND,ND,ND,ND,ND,,,,
ME0090342,MOUNTAIN VIEW CORRECTIONAL FACILITY,WELL HD 1,2/26/2024,60,ND,2.66,ND,ND,38,19.3,ND,ND,2.55,,,,
ME0090342,MOUNTAIN VIEW CORRECTIONAL FACILITY,WELL HD 2,2/26/2024,26.3,2.6,ND,ND,ND,14.3,12,ND,ND,ND,,,,
ME0090342,MOUNTAIN VIEW CORRECTIONAL FACILITY,WELL HD 3,2/26/2024,21.9,ND,ND,ND,ND,15,6.87,ND,ND,ND,,,,
ME0090342,MOUNTAIN VIEW CORRECTIONAL FACILITY,WELL HD 5,2/26/2024,15.7,ND,ND,ND,ND,10.2,5.48,ND,ND,ND,,,,
ME0006954,MOUNTAIN VIEW TRAILER PARK,WELL HD 3,11/28/2022,ND,ND,ND,ND,ND,ND,ND,ND,ND,ND,,,,
ME0002346,MOUNTAINSIDE MOBILE HOME PARK,WELL HD 1,2/16/2023,2.66,ND,ND,ND,ND,ND,2.66,ND,ND,ND,ND,ND,ND,ND
ME0000399,MSAD 01 MAPLETON ELEM SCHOOL,TREAT PT 1,8/29/2022,ND,ND,ND,ND,ND,ND,ND,ND,ND,ND,,,,
ME0008778,MSAD 06 BONNY EAGLE HIGH SCHOOL,TREAT PT 1,2/26/2024,ND,ND,ND,ND,ND,ND,ND,ND,ND,ND,ND,ND,ND,ND
ME0000147,MSAD 06 BONNY EAGLE MIDDLE SCHOOL,TREAT PT 1,2/26/2024,ND,ND,ND,ND,ND,ND,ND,ND,ND,ND,ND,ND,ND,ND
ME0092397,MSAD 06 BUXTON CENTER ELEMENTARY SCHOOL,TREAT PT 1,2/26/2024,20,10,5.1,1.1,ND,2.8,11,ND,ND,5.1,2.4,ND,5.2,ND
ME0093804,MSAD 06 FRANK JEWETT SCHOOL,TREAT PT 1,2/26/2024,ND,ND,ND,ND,ND,ND,ND,ND,ND,ND,ND,ND,ND,ND
ME0000367,MSAD 06 HB EMERY JR MEMORIAL SCHOOL,TREAT PT 1,7/13/2022,ND,ND,ND,ND,ND,ND,ND,ND,ND,ND,ND,ND,ND,ND
ME0000304,MSAD 06 HOLLIS CONSOLIDATED SCHOOL,TREAT PT 2,2/26/2024,ND,ND,ND,ND,ND,ND,ND,ND,ND,ND,ND,ND,ND,ND
ME0093887,MSAD 09 CAPE COD HILL SCHOOL,TREAT PT 1,12/1/2022,2.61,ND,ND,ND,ND,ND,2.61,ND,ND,ND,ND,ND,ND,ND
ME0000676,MSAD 11 HELEN THOMPSON SCHOOL,TREAT PT 1,1/16/2024,ND,ND,ND,ND,ND,ND,ND,ND,ND,ND,,,,
ME0000293,MSAD 17 HARRISON ELEMENTARY SCHOOL,TREAT PT 1,12/13/2022,ND,ND,ND,ND,ND,ND,ND,ND,ND,ND,,,,
ME0025959,MSAD 17 HEBRON STATION SCHOOL,TREAT PT 1,12/13/2022,ND,ND,ND,ND,ND,ND,ND,ND,ND,ND,,,,
ME0093972,MSAD 17 OTISFIELD COMMUNITY SCHOOL,WELL HD 1,12/13/2022,ND,ND,ND,ND,ND,ND,ND,ND,ND,ND,,,,
ME0000658,MSAD 17 WATERFORD MEMORIAL SCHOOL,TREAT PT 1,12/13/2022,ND,ND,ND,ND,ND,ND,ND,ND,ND,ND,,,,
ME0094443,MSAD 30 LEE‐WINN ELEMENTARY SCHOOL,WELL HD 1,11/2/2022,ND,ND,ND,ND,ND,ND,ND,ND,ND,ND,ND,ND,ND,ND
ME0092355,MSAD 30 MT JEFFERSON JUNIOR HIGH,WELL HD 1,12/14/2023,14.3,ND,ND,ND,2.15,8.06,4.06,ND,ND,2.65,,,,
ME0094474,MSAD 31 ENFIELD STATION ELEMENTARY,TREAT PT 1,11/3/2022,ND,ND,ND,ND,ND,ND,ND,ND,ND,ND,,,,
ME0000555,MSAD 33 WISDOM JR‐SR HIGH SCHOOL,TREAT PT 1,3/23/2022,ND,ND,ND,ND,ND,ND,ND,ND,ND,ND,,,,
PWSID,System Name,Facility,"CollectionDate","Sum of the sixMaine‐regulated PFASanalytes (2802‐2807)","2801(PFBS)","2802(PFHPA)","2803(PFHXS)","2804(PFNA)","2805(PFOS)","2806(PFOA)","2807(PFDA)","2808(PFDOA)","2809(PFHXA)","2819(PFBA)","2820PERFLUOROOCTANESULFONIC ACID6:2 FTS","2824(PFPEA)","2828(PFPES)"
ME0000003,MSAD 37 DANIEL W MERRIT SCHOOL,WELL HD 2,11/21/2022,ND,ND,ND,ND,ND,ND,ND,ND,ND,ND,,,,
ME0014156,MSAD 37 HARRINGTON ELEM SCHOOL,WELL HD 1,11/30/2022,ND,ND,ND,ND,ND,ND,ND,ND,ND,ND,,,,
ME0000411,MSAD 37 MILBRIDGE ELEMENTARY SCHOOL,WELL HD 1,11/7/2022,ND,ND,ND,ND,ND,ND,ND,ND,ND,ND,,,,
ME0017874,MSAD 41 BROWNVILLE ELEM SCHOOL,WELL HD 1,3/8/2023,ND,ND,ND,ND,ND,ND,ND,ND,ND,ND,,,,
ME0000335,MSAD 41 MARION C COOK SCHOOL,TREAT PT 1,3/8/2023,ND,ND,ND,ND,ND,ND,ND,ND,ND,ND,,,,
ME0017998,MSAD 44 WOODSTOCK ELEM SCHOOL,TREAT PT 1,11/28/2022,ND,ND,ND,ND,ND,ND,ND,ND,ND,3.93,,,,
ME0000004,MSAD 49 ALBION ELEMENTARY SCHOOL,TREAT PT 1,4/5/2022,ND,ND,ND,ND,ND,ND,ND,ND,ND,ND,,,,
ME0094433,MSAD 52 ALTERNATIVE/ADMIN SCHOOL,WELL HD 1,11/18/2022,ND,ND,ND,ND,ND,ND,ND,ND,ND,ND,,,,
ME0000279,MSAD 52 GREENE CENTRAL SCHOOL,MANIFOLD 1,11/16/2022,ND,ND,ND,ND,ND,ND,ND,ND,ND,ND,,,,
ME0000639,MSAD 52 LEAVITT AREA HIGH SCHOOL,TREAT PT 1,11/16/2022,ND,ND,ND,ND,ND,ND,ND,ND,ND,ND,,,,
ME0000340,MSAD 52 LEEDS CENTRAL SCHOOL,WELL HD 1,1/12/2023,2.53,ND,ND,ND,ND,ND,2.53,ND,ND,8.89,12.6,ND,7.46,ND
ME0003116,MSAD 52 TRIPP MIDDLE SCHOOL,WELL HD 2,11/16/2022,ND,ND,ND,ND,ND,ND,ND,ND,ND,ND,,,,
ME0009731,MSAD 52 TURNER ELEMENTARY SCHOOL,WELL HD 1,2/22/2023,6.38,ND,2.68,ND,ND,ND,3.7,ND,ND,7.22,ND,ND,9.03,ND
ME0094059,MSAD 52 TURNER PRIMARY SCHOOL,WELL HD 1,11/16/2022,ND,ND,ND,ND,ND,ND,ND,ND,ND,ND,,,,
ME0000156,MSAD 54 CANAAN ELEMENTARY SCHOOL,TREAT PT 1,11/23/2022,ND,ND,ND,ND,ND,ND,ND,ND,ND,ND,,,,
ME0013542,MSAD 60 HANSON ELEMENTARY SCHOOL,TREAT PT 1,7/17/2023,8.77,ND,2.76,ND,ND,ND,6.01,ND,ND,24.9,,,,
ME0017265,MSAD 60 KNOWLTON SCHOOL,TREAT PT 1,6/13/2022,ND,ND,ND,ND,ND,ND,ND,ND,ND,ND,,,,
ME0000337,MSAD 60 LEBANON ELEM SCHOOL,TREAT PT 1,2/21/2024,ND,ND,ND,ND,ND,ND,ND,ND,ND,ND,,,,
ME0000087,MSAD 60 NOBLE MIDDLE SCHOOL,TREAT PT 1,6/13/2022,ND,ND,ND,ND,ND,ND,ND,ND,ND,ND,,,,
ME0016686,MSAD 61 CROOKED RIVER SCHOOL,TREAT PT 1,12/16/2022,ND,ND,ND,ND,ND,ND,ND,ND,ND,ND,,,,
ME0094717,MSAD 61 LAKE REGION HIGH‐ ESB,TREAT PT 1,2/13/2024,ND,ND,ND,ND,ND,ND,ND,ND,ND,ND,,,,
ME0016804,MSAD 61 LAKE REGION MIDDLE SCHOOL,TREAT PT 1,12/16/2022,ND,ND,ND,ND,ND,ND,ND,ND,ND,ND,,,,
ME0094457,MSAD 61 SONGO LOCKS ELEMENTARY SCHOOL,TREAT PT 1,12/16/2022,ND,ND,ND,ND,ND,ND,ND,ND,ND,3.46,,,,
ME0000301,MSAD 70 HODGDON ELEMENTARY SCHOOL,TREAT PT 1,3/27/2023,24.1,ND,4.66,ND,3.35,3.39,10.2,2.53,ND,78.9,,,,
ME0093837,MSAD 70 HODGDON HIGH SCHOOL,TREAT PT 1,3/27/2023,29.3,ND,4.72,ND,6.59,4.72,13.3,ND,ND,86.3,,,,
ME0000386,MSAD 72 NEW SUNCOOK SCHOOL,TREAT PT 1,2/14/2023,ND,ND,ND,ND,ND,ND,ND,ND,ND,4.42,,,,
ME0094742,MSAD 75 BOWDOIN CENTRAL SCHOOL,TREAT PT 1,12/19/2022,ND,ND,ND,ND,ND,ND,ND,ND,ND,ND,ND,ND,ND,ND
ME0000289,MSAD 75 HARPSWELL ISLAND SCHOOL,WELL HD 1,12/19/2022,ND,ND,ND,ND,ND,ND,ND,ND,ND,ND,ND,ND,ND,ND
ME0093118,MSAD 76 SWANS ISLAND SCHOOL,TREAT PT 1,1/15/2024,5.93,ND,ND,ND,ND,3.83,2.1,ND,ND,11.9,,,,
ME0093803,MSU 103 BEALS ELEMENTARY SCHOOL,TREAT PT 1,1/24/2023,ND,ND,ND,ND,ND,ND,ND,ND,ND,ND,,,,
ME0013480,MSU 103 JONESPORT ELEM/JBHS,TREAT PT 1,11/1/2022,ND,ND,ND,ND,ND,ND,ND,ND,ND,ND,,,,
ME0000709,MSU 122 WOODLAND CONSOLIDATED SCHOOL,TREAT PT 1,1/11/2022,ND,ND,ND,ND,ND,ND,ND,ND,ND,ND,,,,
ME0000011,MSU 69 APPLETON VILLAGE SCHOOL,TREAT PT 1,2/21/2022,ND,ND,ND,ND,ND,ND,ND,ND,ND,ND,,,,
ME0094573,MSU 69 LINCOLNVILLE CENTRAL SCHOOL,TREAT PT 1,3/2/2022,ND,2.15,ND,ND,ND,ND,ND,ND,ND,ND,,,,
ME0094509,MSU 76 BROOKLIN NEW ELEMENTARY SCHOOL,TREAT PT 1,1/17/2024,141,4.95,27.2,ND,15.9,2.07,93,2.77,ND,30.3,,,,
ME0094707,MSU 76 DEER ISLE/STONINGTON K‐8 SCHOOL,TREAT PT 1,3/21/2022,ND,ND,ND,ND,ND,ND,ND,ND,ND,ND,,,,
ME0009262,MSU 76 DEER ISLE‐STONINGTON JR/SR HS,TREAT PT 1,1/9/2024,115,7.24,36.3,ND,ND,ND,79.1,ND,ND,26.7,,,,
ME0094407,MSU 76 SEDGWICK ELEMENTARY SCHOOL,TREAT PT 3,3/21/2022,ND,ND,ND,ND,ND,ND,ND,ND,ND,ND,,,,
ME0000099,MSU 93 BLUE HILL CONSOLIDATED SCHOOL,TREAT PT 1,2/28/2024,14.27,ND,7.07,ND,ND,ND,7.2,ND,ND,10.1,,,,
ME0000123,MSU 93 BROOKSVILLE ELEMENTARY SCHOOL,TREAT PT 1,8/30/2022,ND,ND,ND,ND,ND,ND,ND,ND,ND,ND,,,,
ME0000485,MSU 93 PENOBSCOT ELEMENTARY SCHOOL,TREAT PT 1,6/21/2023,ND,ND,ND,ND,ND,ND,ND,ND,ND,ND,,,,
ME0091870,MT ABRAM CHALET ASSOCIATION,TREAT PT 1,10/28/2022,ND,ND,ND,ND,ND,ND,ND,ND,ND,ND,,,,
ME0000559,MT ABRAM HIGH SCHOOL,WELL HD 1,3/10/2022,ND,ND,ND,ND,ND,ND,ND,ND,ND,ND,,,,
ME0091260,MT BLUE STANDARD WATER DISTRICT,TREAT PT 1,1/4/2023,ND,ND,ND,ND,ND,ND,ND,ND,ND,ND,,,,
ME0091055,NARRAGUAGUS ESTATES,TREAT PT 1,2/27/2024,ND,ND,ND,ND,ND,ND,ND,ND,ND,ND,,,,
ME0300899,NEW ENGLAND MUSIC CAMP‐E&PAC,WELL HD 1,10/28/2021,ND,ND,ND,ND,ND,ND,ND,ND,ND,2.14,,,,
ME0092428,NEW GLOUCESTER WATER DISTRICT,TREAT PT 1,8/16/2022,ND,ND,ND,ND,ND,ND,ND,ND,ND,ND,,,,
ME0091090,NEW PORTLAND WATER DISTRICT,MANIFOLD 1,9/15/2022,ND,ND,ND,ND,ND,ND,ND,ND,ND,ND,,,,
ME0091080,NEW SHARON WATER DISTRICT,TREAT PT 2,6/21/2022,ND,ND,ND,ND,ND,ND,ND,ND,ND,ND,,,,
ME0000432,NEWBURGH TOWN HALL‐RSU 22,WELL HD 1,3/24/2023,ND,ND,ND,ND,ND,ND,ND,ND,ND,ND,ND,ND,ND,ND
ME0091100,NEWPORT WATER DISTRICT,TREAT PT 1,9/8/2022,,,,,,,,,,,2.76,ND,ND,ND
ME0091100,NEWPORT WATER DISTRICT,TREAT PT 1,10/31/2023,ND,ND,ND,ND,ND,ND,ND,ND,ND,ND,,,,
ME0004591,NEZINSCOT VILLAGE,TREAT PT 1,10/19/2022,ND,ND,ND,ND,ND,ND,ND,ND,ND,ND,,,,
ME0092669,NINNYS HOUSE CHILD CARE,TREAT PT 1,2/6/2023,10.9,ND,ND,ND,ND,7.62,3.3,ND,ND,ND,ND,ND,ND,ND
ME0092674,NINNYS HOUSE CHILDCARE‐BUXTON,WELL HD 1,2/6/2023,3.37,ND,ND,ND,ND,ND,3.37,ND,ND,2.48,3.12,ND,3.83,ND
PWSID,System Name,Facility,"CollectionDate","Sum of the sixMaine‐regulated PFASanalytes (2802‐2807)","2801(PFBS)","2802(PFHPA)","2803(PFHXS)","2804(PFNA)","2805(PFOS)","2806(PFOA)","2807(PFDA)","2808(PFDOA)","2809(PFHXA)","2819(PFBA)","2820PERFLUOROOCTANESULFONIC ACID6:2 FTS","2824(PFPEA)","2828(PFPES)"
ME0092715,NOAHS ARK DAYCARE CENTER,WELL HD 1,9/8/2022,ND,ND,ND,ND,ND,ND,ND,ND,ND,ND,,,,
ME0091110,NORRIDGEWOCK WATER DISTRICT,WELL HD 1,9/21/2022,ND,ND,ND,ND,ND,ND,ND,ND,ND,ND,ND,ND,ND,ND
ME0091120,NORTH BERWICK WATER DISTRICT,TREAT PT 1,8/15/2022,ND,ND,ND,ND,ND,ND,ND,ND,ND,ND,,,,
ME0091130,NORTH HAVEN WATER DEPARTMENT,TREAT PT 1,12/13/2022,ND,ND,ND,ND,ND,ND,ND,ND,ND,ND,4.66,ND,ND,ND
ME0091160,NORTH JAY WATER DISTRICT,C CONN 2,7/19/2022,ND,ND,ND,ND,ND,ND,ND,ND,ND,ND,,,,
ME0092293,NORTHEASTERN ESTATES,TREAT PT 1,11/22/2022,ND,ND,ND,ND,ND,ND,ND,ND,ND,ND,ND,ND,ND,ND
ME0017508,NORTHLAND PLAZA,WELL HD 1,12/6/2022,ND,ND,ND,ND,ND,ND,ND,ND,ND,ND,,,,
ME0091165,NORTHPORT VILLAGE CORP WATER DEPT,C CONN 1,4/29/2022,ND,ND,ND,ND,ND,ND,ND,ND,ND,ND,ND,ND,ND,ND
ME0091180,NORWAY WATER DISTRICT,TREAT PT 2,6/1/2022,ND,ND,ND,ND,ND,ND,ND,ND,ND,ND,ND,ND,ND,ND
ME0008164,OAKWOOD MOBILE COMMUNITY ASSOCIATION,TREAT PT 1,4/4/2022,ND,ND,ND,ND,ND,ND,ND,ND,ND,ND,ND,ND,ND,ND
ME0108164,OAKWOOD MOBILE COMMUNITY ASSOCIATION‐2,TREAT PT 1,4/4/2022,ND,ND,ND,ND,ND,ND,ND,ND,ND,ND,ND,ND,ND,ND
ME0092323,OLD MARSH CONDOMINIUM,MANIFOLD 1,10/5/2022,ND,2.21,ND,ND,ND,ND,ND,ND,ND,ND,ND,ND,ND,ND
ME0091200,OLD TOWN WATER DISTRICT,TREAT PT 1,8/2/2022,ND,ND,ND,ND,ND,ND,ND,ND,ND,ND,,,,
ME0092361,OQUOSSOC STANDARD WATER SYSTEM,TREAT PT 1,7/21/2022,ND,ND,ND,ND,ND,ND,ND,ND,ND,ND,ND,ND,ND,ND
ME0091210,ORONO‐VEAZIE WATER DISTRICT,TREAT PT 1,3/28/2022,ND,ND,ND,ND,ND,ND,ND,ND,ND,ND,,,,
ME0025566,OSSIPEE VALLEY CHRISTIAN SCHOOL,TREAT PT 1,11/16/2022,ND,ND,ND,ND,ND,ND,ND,ND,ND,ND,ND,ND,ND,ND
ME0093819,OTIS SCHOOL DEPT‐BEECH HILL SCHOOL,TREAT PT 1,5/2/2022,ND,ND,ND,ND,ND,ND,ND,ND,ND,ND,,,,
ME0094787,OXFORD SACC,TREAT PT 1,10/27/2022,ND,ND,ND,ND,ND,ND,ND,ND,ND,ND,,,,
ME0091220,OXFORD WATER DISTRICT,TREAT PT 1,6/1/2022,ND,ND,ND,ND,ND,ND,ND,ND,ND,ND,ND,ND,ND,ND
ME0091220,OXFORD WATER DISTRICT,TREAT PT 2,6/1/2022,ND,ND,ND,ND,ND,ND,ND,ND,ND,ND,ND,ND,ND,ND
ME0000477,PALMYRA COMMUNITY CENTER,WELL HD 1,10/11/2022,ND,ND,ND,ND,ND,ND,ND,ND,ND,ND,,,,
ME0091230,PARIS UTILITY DISTRICT,TREAT PT 1,6/1/2022,ND,ND,ND,ND,ND,ND,ND,ND,ND,ND,ND,ND,ND,ND
ME0092265,PARKER RIDGE RETIREMENT COMMUNITY,TREAT PT 1,3/21/2024,26.3,ND,6.35,ND,2.75,ND,17.2,ND,ND,4.07,,,,
ME0090510,PASSAMAQUODDY WATER DISTRICT,TREAT PT 1,4/26/2022,ND,ND,ND,ND,ND,ND,ND,ND,ND,ND,,,,
ME0000297,PATRICIA A DURAN SCHOOL,TREAT PT 1,11/7/2022,ND,ND,ND,ND,ND,ND,ND,ND,ND,ND,,,,
ME0091240,PATTEN WATER DEPT,WELL HD 1,10/4/2023,8.24,ND,ND,ND,ND,5.18,3.06,ND,ND,2.09,,,,
ME0091240,PATTEN WATER DEPT,WELL HD 2,2/1/2022,ND,ND,ND,ND,ND,ND,ND,ND,ND,ND,,,,
ME0002093,PEMAQUID VILLAS MHP,TREAT PT 1,11/29/2022,ND,ND,ND,ND,ND,ND,ND,ND,ND,ND,ND,ND,ND,ND
ME0091750,PERSISTENCE SENIORS HOUSING,TREAT PT 1,8/8/2023,3.91,ND,ND,ND,ND,3.91,ND,ND,ND,ND,,,,
ME0003990,PHEASANT HILL MHP,TREAT PT 1,8/16/2023,2.75,2.4,ND,ND,ND,2.75,ND,ND,ND,ND,,,,
ME0094534,PINE GROVE TERRACE,TREAT PT 1,11/3/2022,ND,ND,ND,ND,ND,ND,ND,ND,ND,ND,,,,
ME0095585,PINE RIDGE HUNTON BROOK ASSOCIATION,MANIFOLD 1,11/14/2022,2.6,ND,ND,ND,ND,ND,2.6,ND,ND,ND,ND,ND,ND,ND
ME0004250,PINE RIDGE VILLAGE,WELL HD 1,12/28/2022,ND,ND,ND,ND,ND,ND,ND,ND,ND,ND,ND,ND,ND,ND
ME0091360,PINE SPRING ROADS & WATER,TREAT PT 1,10/14/2022,ND,ND,ND,ND,ND,ND,ND,ND,ND,ND,,,,
ME0094005,PINE TREE ACADEMY,TREAT PT 1,8/23/2023,5.18,7.98,ND,ND,ND,ND,5.18,ND,ND,4.6,,,,
ME0003240,PINE TREE MOBILE ESTATES,TREAT PT 1,10/4/2022,ND,2.02,ND,ND,ND,ND,ND,ND,ND,2.84,ND,ND,2.06,ND
ME0006203,PINE VILLAGE MHP,TREAT PT 1,10/18/2022,ND,ND,ND,ND,ND,ND,ND,ND,ND,ND,,,,
ME0091270,PINELAND CENTER CAMPUS MSAD 15,TREAT PT 5,10/5/2022,ND,ND,ND,ND,ND,ND,ND,ND,ND,ND,,,,
ME0091270,PINELAND CENTER CAMPUS MSAD 15,TREAT PT 6,10/5/2022,ND,ND,ND,ND,ND,ND,ND,ND,ND,ND,,,,
ME0006513,PINES MOBILE HOME PARK LLC,WELL HD 1,9/13/2022,ND,ND,ND,ND,ND,ND,ND,ND,ND,ND,,,,
ME0092475,PINETREE VILLAGE HOMEOWNERS ASSOCIATION,TREAT PT 1,10/5/2022,ND,ND,ND,ND,ND,ND,ND,ND,ND,ND,ND,ND,ND,ND
ME0008855,PINEWOOD ACRES TRAILER PARK,TREAT PT 1,11/29/2022,ND,ND,ND,ND,ND,ND,ND,ND,ND,ND,ND,ND,ND,ND
ME0002782,PINEWOOD PARK,TREAT PT 1,5/5/2022,ND,ND,ND,ND,ND,ND,ND,ND,ND,ND,ND,ND,ND,ND
ME0095560,PIPER STREAM MOBILE HOME PARK,WELL HD 2,9/19/2022,ND,ND,ND,ND,ND,ND,ND,ND,ND,ND,,,,
ME0091280,PITTSFIELD WATER DEPT,TREAT PT 3,11/15/2022,ND,ND,ND,ND,ND,ND,ND,ND,ND,ND,,,,
ME0092448,PJS CHILD CARE,TREAT PT 1,11/3/2022,ND,ND,ND,ND,ND,ND,ND,ND,ND,ND,,,,
ME0005693,PLEASANT ACRES ESTATES,MANIFOLD 2,9/13/2022,,,,,,,,,,,7.7,ND,15.4,ND
ME0005693,PLEASANT ACRES ESTATES,MANIFOLD 2,12/11/2023,15.2,7.99,11.2,ND,ND,ND,4.01,ND,ND,55.2,,,,
ME0092727,PLEASANT RIDGE,WELL HD 1,9/6/2022,ND,ND,ND,ND,ND,ND,ND,ND,ND,ND,,,,
ME0091285,PLEASANT VIEW MANOR,TREAT PT 2,11/29/2022,ND,ND,ND,ND,ND,ND,ND,ND,ND,ND,,,,
ME0092270,PLYMOUTH WATER DISTRICT,TREAT PT 1,12/7/2023,23.1,2.29,5.76,ND,ND,ND,17.3,ND,ND,3.67,,,,
ME0005844,POLAND COUNTRY VILLAGE MHP INC,TREAT PT 1,3/29/2023,ND,ND,ND,ND,ND,ND,ND,ND,ND,ND,ND,ND,ND,ND
ME0092583,POLAND PLACE CONDO ASSOCIATION,TREAT PT 1,8/24/2022,ND,ND,ND,ND,ND,ND,ND,ND,ND,ND,,,,
ME0005847,POLAND TRAILER PARK‐POLAND,WELL HD 2,10/28/2022,ND,ND,ND,ND,ND,ND,ND,ND,ND,ND,,,,
ME0095510,POND & POND TRAILER PARK,WELL HD 1,7/10/2023,2.38,ND,ND,ND,ND,ND,2.38,ND,ND,ND,,,,
PWSID,System Name,Facility,"CollectionDate","Sum of the sixMaine‐regulated PFASanalytes (2802‐2807)","2801(PFBS)","2802(PFHPA)","2803(PFHXS)","2804(PFNA)","2805(PFOS)","2806(PFOA)","2807(PFDA)","2808(PFDOA)","2809(PFHXA)","2819(PFBA)","2820PERFLUOROOCTANESULFONIC ACID6:2 FTS","2824(PFPEA)","2828(PFPES)"
ME0090815,POND ACRES LLC,TREAT PT 1,10/31/2022,ND,ND,ND,ND,ND,ND,ND,ND,ND,ND,ND,ND,ND,ND
ME0091290,PORT CLYDE WATER DISTRICT,TREAT PT 2,4/5/2022,ND,ND,ND,ND,ND,ND,ND,ND,ND,ND,,,,
ME0091302,PORTLAND WATER DISTRICT/STEEP FALLS,TREAT PT 1,7/26/2022,ND,ND,ND,ND,ND,ND,ND,ND,ND,ND,ND,ND,ND,ND
ME0091300,PORTLAND WATER DISTRICT‐GREATER,TREAT PT 1,7/26/2022,ND,ND,ND,ND,ND,ND,ND,ND,ND,ND,ND,ND,ND,ND
ME0001363,PRAYS MOBILE HOME PARK,WELL HD 1,4/7/2023,ND,ND,ND,ND,ND,ND,ND,ND,ND,ND,,,,
ME0001363,PRAYS MOBILE HOME PARK,WELL HD 2,5/5/2022,ND,ND,ND,ND,ND,ND,ND,ND,ND,ND,,,,
ME0092663,PRECIOUS LITTLE ONES CHILD CARE CENTER,TREAT PT 1,3/21/2022,ND,ND,ND,ND,ND,ND,ND,ND,ND,ND,ND,ND,ND,ND
ME0091310,PRESQUE ISLE UTILITIES DISTRICT,TREAT PT 2,10/4/2022,ND,ND,ND,ND,ND,ND,ND,ND,ND,ND,,,,
ME0092388,PRINCETON WATER DISTRICT,TREAT PT 1,3/22/2022,ND,ND,ND,ND,ND,ND,ND,ND,ND,4.19,,,,
ME0092538,PUMPKIN PATCH PRESCHOOL,WELL HD 1,3/6/2023,ND,ND,ND,ND,ND,ND,ND,ND,ND,ND,,,,
ME0091320,QUANTABACOOK WATER DISTRICT,TREAT PT 2,11/2/2022,ND,ND,ND,ND,ND,ND,ND,ND,ND,ND,,,,
ME0091330,RANGELEY WATER DISTRICT,TREAT PT 1,7/21/2022,ND,ND,ND,ND,ND,ND,ND,ND,ND,ND,ND,ND,ND,ND
ME0094729,RAYMOND ELEMENTARY SCHOOL,TREAT PT 1,12/15/2023,965,ND,448,ND,97.5,ND,416,3.07,ND,174,63.9,ND,124,ND
ME0092307,RAYMOND WOODS TOWNHOUSES,MANIFOLD 1,11/21/2022,ND,ND,ND,ND,ND,ND,ND,ND,ND,ND,ND,ND,ND,ND
ME0092100,READFIELD CORNER WATER ASSOCIATION,TREAT PT 1,5/18/2022,ND,ND,ND,ND,ND,ND,ND,ND,ND,ND,ND,ND,ND,ND
ME0091370,RICHMOND UTILITIES DISTRICT,TREAT PT 1,8/11/2022,ND,ND,ND,ND,ND,ND,ND,ND,ND,ND,ND,ND,ND,ND
ME0094769,RISE & SHINE CHILD CARE CENTER,TREAT PT 1,11/16/2022,ND,ND,ND,ND,ND,ND,ND,ND,ND,ND,ND,ND,ND,ND
ME0007378,RIVERS EDGE MOBILE HOME COMMUNITY,TREAT PT 2,7/11/2023,ND,ND,ND,ND,ND,ND,ND,ND,ND,ND,,,,
ME0003017,RIVERSIDE TERRACE,TREAT PT 1,4/28/2022,ND,ND,ND,ND,ND,ND,ND,ND,ND,ND,,,,
ME0003017,RIVERSIDE TERRACE,TREAT PT 2,4/28/2022,ND,ND,ND,ND,ND,ND,ND,ND,ND,ND,,,,
ME0003017,RIVERSIDE TERRACE,TREAT PT 4,4/28/2022,ND,ND,ND,ND,ND,ND,ND,ND,ND,ND,,,,
ME0092791,ROCKY RIDGE SUBDIVISION,WELL HD 1,10/24/2022,ND,ND,ND,ND,ND,ND,ND,ND,ND,ND,,,,
ME0095600,ROUND STONE MOBILE HOME PARK,WELL HD 1,4/7/2022,ND,3.23,ND,ND,ND,ND,ND,ND,ND,ND,,,,
ME0000488,RSU 01 PHIPPSBURG ELEMENTARY SCHOOL,TREAT PT 1,1/30/2023,ND,ND,ND,ND,ND,ND,ND,ND,ND,ND,ND,ND,ND,ND
ME0000122,RSU 03 MORSE MEMORIAL SCHOOL,TREAT PT 1,2/2/2023,ND,ND,ND,ND,ND,ND,ND,ND,ND,ND,ND,ND,ND,ND
ME0100629,RSU 03 MT VIEW SCHOOL,TREAT PT 1,9/13/2022,ND,ND,ND,ND,ND,ND,ND,ND,ND,ND,ND,ND,ND,ND
ME0000637,RSU 03 TROY CENTRAL SCHOOL,TREAT PT 1,5/23/2022,ND,ND,ND,ND,ND,ND,ND,ND,ND,ND,ND,ND,ND,ND
ME0000361,RSU 03 WALKER MEMORIAL SCHOOL,TREAT PT 1,5/23/2022,ND,ND,ND,ND,ND,ND,ND,ND,ND,ND,ND,ND,ND,ND
ME0094672,RSU 04 CARRIE RICKER SCHOOL,TREAT PT 1,6/24/2022,ND,ND,ND,ND,ND,ND,ND,ND,ND,ND,ND,ND,ND,ND
ME0000377,RSU 04 LIBBY TOZIER SCHOOL,TREAT PT 1,5/19/2022,ND,ND,ND,ND,ND,ND,ND,ND,ND,3.17,2.96,ND,3.28,ND
ME0009679,RSU 05 DURHAM COMMUNITY SCHOOL,WELL HD 1,9/15/2022,ND,ND,ND,ND,ND,ND,ND,ND,ND,ND,,,,
ME0008643,RSU 05 POWNAL ELEMENTARY SCHOOL,TREAT PT 1,9/15/2022,ND,ND,ND,ND,ND,ND,ND,ND,ND,ND,,,,
ME0000623,RSU 10 HARTFORD‐SUMNER ELEMENTARY SCHOOL,TREAT PT 1,9/22/2022,ND,ND,ND,ND,ND,ND,ND,ND,ND,ND,,,,
ME0000476,RSU 12 PALERMO CONSOLIDATED SCHOOL,TREAT PT 1,1/24/2023,5.42,ND,ND,ND,ND,5.42,ND,ND,ND,2.4,,,,
ME0000596,RSU 12 SOMERVILLE ELEMENTARY SCHOOL,TREAT PT 1,5/4/2022,ND,ND,ND,ND,ND,ND,ND,ND,ND,ND,,,,
ME0000687,RSU 12 WHITEFIELD ELEMENTARY SCHOOL,TREAT PT 1,3/14/2024,ND,ND,ND,ND,ND,ND,ND,ND,ND,ND,,,,
ME0000697,RSU 12 WINDSOR ELEMENTARY SCHOOL,TREAT PT 1,5/4/2022,ND,ND,ND,ND,ND,ND,ND,ND,ND,ND,,,,
ME0094763,RSU 13 CUSHING K‐4 COMMUNITY SCHOOL,TREAT PT 1,1/24/2024,ND,ND,ND,ND,ND,ND,ND,ND,ND,ND,,,,
ME0000083,RSU 18 BELGRADE CENTRAL SCHOOL,TREAT PT 1,6/14/2022,ND,ND,ND,ND,ND,ND,ND,ND,ND,ND,ND,ND,ND,ND
ME0000175,RSU 18 CHINA MIDDLE SCHOOL,TREAT PT 1,1/29/2024,41.5,ND,6.33,ND,2.65,19.4,13.1,ND,ND,12.1,5.48,ND,16.7,ND
ME0093874,RSU 18 CHINA PRIMARY SCHOOL,TREAT PT 1,6/21/2022,ND,ND,ND,ND,ND,ND,ND,ND,ND,ND,ND,ND,ND,ND
ME0000587,RSU 18 JAMES H BEAN SCHOOL,TREAT PT 1,6/16/2022,ND,ND,ND,ND,ND,ND,ND,ND,ND,ND,ND,ND,ND,ND
ME0000222,RSU 19 ETNA‐DIXMONT ELEMENTARY SCHOOL,TREAT PT 1,9/20/2022,ND,ND,ND,ND,ND,ND,ND,ND,ND,ND,ND,ND,ND,ND
ME0009846,RSU 24  MOUNTAIN VIEW SCHOOL,TREAT PT 1,11/28/2022,ND,ND,ND,ND,ND,ND,ND,ND,ND,ND,,,,
ME0000211,RSU 24 CAVE HILL SCHOOL,TREAT PT 1,11/28/2022,ND,ND,ND,ND,ND,ND,ND,ND,ND,ND,,,,
ME0000614,RSU 24 ELLA LEWIS SCHOOL,WELL HD 1,11/28/2022,ND,ND,ND,ND,ND,ND,ND,ND,ND,ND,,,,
ME0092395,RSU 24 PENINSULA ELEMENTARY SCHOOL,TREAT PT 1,11/28/2022,ND,ND,ND,ND,ND,ND,ND,ND,ND,ND,,,,
ME0094408,RSU 34 ALTON ELEMENTARY SCHOOL,TREAT PT 1,3/23/2022,ND,ND,ND,ND,ND,ND,ND,ND,ND,ND,,,,
ME0094637,RSU 35 MARSHWOOD HIGH SCHOOL,TREAT PT 1,6/17/2022,ND,ND,ND,ND,ND,ND,ND,ND,ND,ND,,,,
ME0000216,RSU 35 MARSHWOOD MIDDLE SCHOOL,TREAT PT 1,2/21/2024,ND,ND,ND,ND,ND,ND,ND,ND,ND,ND,,,,
ME0009728,RSU 38 MARANACOOK COMMUNITY SCHOOL,TREAT PT 1,3/9/2023,12.2,ND,3.39,ND,ND,2.41,6.36,ND,ND,5.57,,,,
ME0008636,RSU 38 MT VERNON ELEMENTARY SCHOOL,WELL HD 2,1/31/2024,20.1,7.31,3.24,ND,ND,9.33,7.52,ND,ND,7.02,,,,
ME0000530,RSU 38 READFIELD ELEMENTARY SCHOOL,TREAT PT 1,3/9/2023,ND,ND,ND,ND,ND,ND,ND,ND,ND,ND,,,,
ME0193827,RSU 38 WAYNE ELEMENTARY SCHOOL,TREAT PT 1,12/9/2022,ND,ND,ND,ND,ND,ND,ND,ND,ND,ND,,,,
ME0094821,RSU 40 MEDOMAK MIDDLE SCHOOL,TREAT PT 1,9/6/2022,ND,ND,ND,ND,ND,ND,ND,ND,ND,ND,ND,ND,ND,ND
PWSID,System Name,Facility,"CollectionDate","Sum of the sixMaine‐regulated PFASanalytes (2802‐2807)","2801(PFBS)","2802(PFHPA)","2803(PFHXS)","2804(PFNA)","2805(PFOS)","2806(PFOA)","2807(PFDA)","2808(PFDOA)","2809(PFHXA)","2819(PFBA)","2820PERFLUOROOCTANESULFONIC ACID6:2 FTS","2824(PFPEA)","2828(PFPES)"
ME0000650,RSU 40 MEDOMAK VALLEY HIGH SCHOOL,TREAT PT 1,9/13/2023,ND,ND,ND,ND,ND,ND,ND,ND,ND,ND,ND,ND,ND,ND
ME0000655,RSU 40 PRESCOTT MEMORIAL SCHOOL,WELL HD 1,10/12/2023,3.85,ND,ND,ND,ND,3.85,ND,ND,ND,ND,ND,ND,ND,ND
ME0000640,RSU 40 UNION ELEMENTARY‐MIDDLE SCHOOL,TREAT PT 1,9/6/2022,ND,ND,ND,ND,ND,ND,ND,ND,ND,ND,ND,ND,ND,ND
ME0092345,RSU 56 DIRIGO ELEMENTARY SCHOOL,TREAT PT 1,3/13/2024,ND,ND,ND,ND,ND,ND,ND,ND,ND,ND,,,,
ME0018559,RSU 57 LINE ELEMENTARY SCHOOL,WELL HD 1,12/14/2023,36,ND,10.9,ND,ND,6.13,19,ND,ND,80.2,16.2,3.35,69.2,ND
ME0012826,RSU 57 LYMAN ELEMENTARY SCHOOL,TREAT PT 1,11/20/2023,27.7,ND,ND,2.48,ND,22.2,3.05,ND,ND,ND,ND,ND,ND,ND
ME0000585,RSU 57 SHAPLEIGH MEMORIAL SCHOOL,TREAT PT 1,11/20/2023,6.97,ND,2.94,ND,ND,ND,4.03,ND,ND,7.12,2.71,ND,9.26,ND
ME0000303,RSU 63 HOLBROOK SCHOOL,TREAT PT 1,4/7/2022,ND,ND,ND,ND,ND,ND,ND,ND,ND,ND,,,,
ME0000302,RSU 63 HOLDEN SCHOOL,TREAT PT 1,11/8/2023,18,ND,3.7,ND,ND,3.08,11.2,ND,ND,4.27,,,,
ME0015528,RSU 64 CENTRAL MIDDLE & HIGH SCHOOL,TREAT PT 1,9/13/2022,ND,ND,ND,ND,ND,ND,ND,ND,ND,ND,,,,
ME0092515,RSU 64 CORINTH ELEMENTARY SCHOOL,TREAT PT 1,9/13/2022,ND,ND,ND,ND,ND,ND,ND,ND,ND,ND,,,,
ME0092394,RSU 68‐ADMINISTRATION CAMPUS,TREAT PT 1,3/21/2024,57.4,ND,11.6,ND,9.96,ND,35.8,ND,ND,7.72,,,,
ME0000579,RSU 71 AMES ELEMENTARY SCHOOL,TREAT PT 1,2/21/2024,3.16,ND,ND,ND,3.16,ND,ND,ND,ND,12.2,,,,
ME0000625,RSU 71 KERMIT S NICKERSON SCHOOL,TREAT PT 1,5/3/2022,ND,ND,ND,ND,ND,ND,ND,ND,ND,ND,,,,
ME0000380,RSU 73 SPRUCE MOUNTAIN PRIMARY SCHOOL,TREAT PT 1,2/28/2022,ND,ND,ND,ND,ND,ND,ND,ND,ND,3.94,,,,
ME0000168,RSU 87 CARAVEL MIDDLE SCHOOL,TREAT PT 1,3/21/2024,ND,ND,ND,ND,ND,ND,ND,ND,ND,5.09,,,,
ME0093805,RSU 87 CARMEL ELEMENTARY SCHOOL,TREAT PT 1,9/21/2022,ND,ND,ND,ND,ND,ND,ND,ND,ND,ND,,,,
ME0094653,RSU 87 SUZANNE M SMITH ELEM SCHOOL,TREAT PT 1,9/21/2022,ND,ND,ND,ND,ND,ND,ND,ND,ND,ND,,,,
ME0000611,RSU 89 KATAHDIN ELEMENTARY,TREAT PT 1,11/30/2022,ND,ND,ND,ND,ND,ND,ND,ND,ND,ND,,,,
ME0011158,RSU 89 KATAHDIN HIGH SCHOOL,TREAT PT 1,12/15/2023,7.24,ND,ND,ND,ND,5.02,2.22,ND,ND,2.05,,,,
ME0091380,RUMFORD WATER DISTRICT,TREAT PT 1,3/30/2022,ND,ND,ND,ND,ND,ND,ND,ND,ND,ND,,,,
ME0091380,RUMFORD WATER DISTRICT,TREAT PT 6,3/30/2022,ND,ND,ND,ND,ND,ND,ND,ND,ND,ND,,,,
ME0091580,SABATTUS SANITARY DISTRICT,WELL HD 2,3/2/2022,ND,ND,ND,ND,ND,ND,ND,ND,ND,ND,,,,
ME0092710,SACO RIVER APARTMENTS,TREAT PT 1,9/7/2022,ND,ND,ND,ND,ND,ND,ND,ND,ND,ND,ND,ND,ND,ND
ME0092339,SANDY CREEK HOUSING,TREAT PT 1,11/22/2022,ND,ND,ND,ND,ND,ND,ND,ND,ND,ND,ND,ND,ND,ND
ME0091860,SANDY STREAM VILLAGE,TREAT PT 1,9/7/2022,ND,ND,ND,ND,ND,ND,ND,ND,ND,ND,ND,ND,ND,ND
ME0091410,SANFORD WATER DISTRICT,TREAT PT 2,9/8/2023,17,3.32,ND,4.32,ND,9.27,3.45,ND,ND,ND,ND,ND,ND,ND
ME0091410,SANFORD WATER DISTRICT,TREAT PT 3,9/8/2023,,,,,,,,,,,7.65,ND,20.2,ND
ME0091410,SANFORD WATER DISTRICT,TREAT PT 3,12/20/2023,30.7,5.52,9.97,5,ND,4.23,11.5,ND,ND,20.8,,,,
ME0091410,SANFORD WATER DISTRICT,TREAT PT 4,9/8/2023,14.9,ND,ND,5.16,ND,5.96,3.75,ND,ND,2.86,ND,ND,3.19,ND
ME0091410,SANFORD WATER DISTRICT,TREAT PT 7,8/15/2022,ND,ND,ND,ND,ND,ND,ND,ND,ND,ND,,,,
ME0091410,SANFORD WATER DISTRICT,TREAT PT 8,8/15/2022,ND,ND,ND,ND,ND,ND,ND,ND,ND,ND,,,,
ME0091410,SANFORD WATER DISTRICT,TREAT PT 9,8/15/2022,ND,ND,ND,ND,ND,ND,ND,ND,ND,ND,,,,
ME0091416,SCARBOROUGH GARDENS,TREAT PT 1,10/6/2022,ND,ND,ND,ND,ND,ND,ND,ND,ND,ND,2.11,ND,ND,ND
ME0094404,SCHOOL AROUND US,TREAT PT 1,6/9/2022,ND,ND,ND,ND,ND,ND,ND,ND,ND,ND,,,,
ME0092190,SCHOOL STREET VILLAGE,TREAT PT 1,9/7/2022,ND,ND,ND,ND,ND,ND,ND,ND,ND,ND,ND,ND,ND,ND
ME0090373,SCROGGINS MOBILE HOME PARK,TREAT PT 1,1/11/2023,37.6,ND,ND,13.2,ND,22.1,2.25,ND,ND,ND,,,,
ME0090373,SCROGGINS MOBILE HOME PARK,TREAT PT 2,12/13/2022,2.18,ND,ND,2.18,ND,ND,ND,ND,ND,ND,,,,
ME0092503,SEACOAST WALDORF SCHOOL,TREAT PT 1,8/10/2022,ND,ND,ND,ND,ND,ND,ND,ND,ND,ND,,,,
ME0091440,SEARSPORT WATER DISTRICT,TREAT PT 2,9/21/2022,ND,ND,ND,ND,ND,ND,ND,ND,ND,ND,ND,ND,ND,ND
ME0000583,SEBAGO ELEMENTARY SCHOOL,TREAT PT 1,11/29/2022,ND,ND,ND,ND,ND,ND,ND,ND,ND,ND,ND,ND,ND,ND
ME0092682,SEEDLINGS TO SUNFLOWERS,TREAT PT 1,10/20/2022,ND,ND,ND,ND,ND,ND,ND,ND,ND,ND,ND,ND,ND,ND
ME0092456,SERENDIPITY CREEK CHILDCARE CENTER,TREAT PT 1,4/4/2022,ND,ND,ND,ND,ND,ND,ND,ND,ND,ND,,,,
ME0001009,SHADY OAKS MOBILE HOME PARK,WELL HD 1,7/25/2022,ND,,ND,ND,ND,0.76,1.1,ND,,,,,,
ME0001009,SHADY OAKS MOBILE HOME PARK,WELL HD 4,2/10/2023,ND,ND,0.36,ND,ND,1.1,1.2,ND,ND,0.63,,,,
ME0094554,SHEEPSCOT VALLEY CHILDRENS HOUSE,WELL HD 1,11/27/2023,ND,ND,ND,ND,ND,ND,ND,ND,ND,ND,,,,
ME0015106,SHERWOOD FOREST MHP,TREAT PT 1,12/20/2022,ND,ND,ND,ND,ND,ND,ND,ND,ND,ND,,,,
ME0092722,SILVER LAKE ESTATES,MANIFOLD 1,6/29/2022,ND,ND,ND,ND,ND,ND,ND,ND,ND,ND,3.49,ND,ND,ND
ME0092770,SIPAYIK ELEMENTARY SCHOOL,WELL HD 1,10/17/2022,ND,5.81,ND,ND,ND,ND,ND,ND,ND,2.55,,,,
ME0092806,SKYLINE TRAILER PARK,WELL HD 1,10/18/2022,ND,ND,ND,ND,ND,ND,ND,ND,ND,ND,,,,
ME0092714,SMARTIES EARLY LEARNING CENTER,TREAT PT 1,3/28/2022,ND,ND,ND,ND,ND,ND,ND,ND,ND,ND,ND,ND,ND,ND
ME0092778,SNAPPERS,TREAT PT 1,1/12/2023,4.74,ND,ND,ND,ND,2.58,2.16,ND,ND,2.74,,,,
ME0091460,SOLON WATER DISTRICT,MANIFOLD 1,7/28/2022,ND,ND,ND,ND,ND,ND,ND,ND,ND,ND,,,,
ME0091470,SOUTH BERWICK WATER DISTRICT,TREAT PT 1,8/15/2022,ND,ND,ND,ND,ND,ND,ND,ND,ND,ND,,,,
ME0091470,SOUTH BERWICK WATER DISTRICT,TREAT PT 2,8/15/2022,ND,ND,ND,ND,ND,ND,ND,ND,ND,ND,,,,
PWSID,System Name,Facility,"CollectionDate","Sum of the sixMaine‐regulated PFASanalytes (2802‐2807)","2801(PFBS)","2802(PFHPA)","2803(PFHXS)","2804(PFNA)","2805(PFOS)","2806(PFOA)","2807(PFDA)","2808(PFDOA)","2809(PFHXA)","2819(PFBA)","2820PERFLUOROOCTANESULFONIC ACID6:2 FTS","2824(PFPEA)","2828(PFPES)"
ME0091470,SOUTH BERWICK WATER DISTRICT,TREAT PT 3,8/15/2022,ND,ND,ND,ND,ND,ND,ND,ND,ND,ND,,,,
ME0091470,SOUTH BERWICK WATER DISTRICT,TREAT PT 4,8/15/2022,ND,ND,ND,ND,ND,ND,ND,ND,ND,ND,,,,
ME0091480,SOUTH FREEPORT WATER DISTRICT,TREAT PT 1,6/21/2023,3.28,ND,ND,ND,ND,3.28,ND,ND,ND,ND,ND,ND,ND,ND
ME0092060,SOUTH PENOBSCOT WATER ASSOCIATION,TREAT PT 1,12/27/2022,ND,ND,ND,ND,ND,ND,ND,ND,ND,ND,,,,
ME0095656,SOUTH SLOPE ESTATES MHP,WELL HD 1,11/14/2022,ND,ND,ND,ND,ND,ND,ND,ND,ND,ND,,,,
ME0009401,SOUTHERN AROOSTOOK COMM SCHOOL,TREAT PT 1,11/3/2022,ND,ND,ND,ND,ND,ND,ND,ND,ND,ND,,,,
ME0091490,SOUTHWEST HARBOR WATER & SEWER DISTRICT,TREAT PT 1,12/15/2021,ND,ND,ND,ND,ND,ND,ND,ND,ND,ND,ND,ND,ND,ND
ME0092301,SPRING ROCK PARK,TREAT PT 2,8/21/2023,4.57,ND,ND,ND,ND,ND,4.57,ND,ND,ND,,,,
ME0003639,SPRINGBROOK MOBILE HOME COURT,TREAT PT 1,11/17/2022,ND,ND,ND,ND,ND,ND,ND,ND,ND,ND,,,,
ME0094695,SPURWINK SCHOOL INC‐CHELSEA,TREAT PT 1,10/6/2022,ND,ND,ND,ND,ND,ND,ND,ND,ND,ND,ND,ND,ND,ND
ME0004295,SQUIRE COURT LLC,TREAT PT 1,4/7/2022,ND,ND,ND,ND,ND,ND,ND,ND,ND,ND,,,,
ME0004295,SQUIRE COURT LLC,WELL HD 5,4/7/2022,ND,ND,ND,ND,ND,ND,ND,ND,ND,ND,,,,
ME0091840,ST AGATHA HOUSING,TREAT PT 1,1/5/2023,ND,ND,ND,ND,ND,ND,ND,ND,ND,ND,,,,
ME0091390,ST FRANCIS WATER DISTRICT,TREAT PT 2,8/31/2022,ND,ND,ND,ND,ND,ND,ND,ND,ND,ND,,,,
ME0093829,ST JOHN VALLEY VOC/TECH CENTER,WELL HD 1,3/23/2022,ND,ND,ND,ND,ND,ND,ND,ND,ND,ND,,,,
ME0095090,ST JOSEPHS MEMORY CARE,TREAT PT 1,12/15/2022,ND,ND,ND,ND,ND,ND,ND,ND,ND,ND,,,,
ME0092362,STANDISH BAPTIST CHURCH,TREAT PT 1,11/18/2022,ND,ND,ND,ND,ND,ND,ND,ND,ND,ND,,,,
ME0091500,STARKS WATER DISTRICT,TREAT PT 1,12/27/2022,ND,ND,ND,ND,ND,ND,ND,ND,ND,ND,,,,
ME0094709,STEP BY STEP CHILD CARE INC,WELL HD 1,9/26/2023,ND,ND,ND,ND,ND,ND,ND,ND,ND,ND,,,,
ME0092480,STEPPING STONES EARLY LEARNING‐GREENE,TREAT PT 1,4/5/2022,ND,ND,ND,ND,ND,ND,ND,ND,ND,ND,,,,
ME0094762,STEPPING STONES LEARNING CENTER‐ELIOT,TREAT PT 1,6/17/2022,ND,ND,ND,ND,ND,ND,ND,ND,ND,ND,,,,
ME0094794,STEPPING STONES/MONTESSORI SCHOOL,WELL HD 1,12/14/2022,ND,ND,ND,ND,ND,ND,ND,ND,ND,ND,,,,
ME0005645,STILLWATER MOBILE HOME PARK,WELL HD 1,11/8/2022,ND,ND,ND,ND,ND,ND,ND,ND,ND,ND,,,,
ME0092120,STONINGTON MANOR,TREAT PT 1,12/21/2022,ND,ND,ND,ND,ND,ND,ND,ND,ND,ND,,,,
ME0091510,STONINGTON WATER COMPANY,STORAGE 3,10/11/2022,ND,ND,ND,ND,ND,ND,ND,ND,ND,ND,,,,
ME0095701,STREETS MOBILE HOME PARK,WELL HD 1,4/11/2022,ND,ND,ND,ND,ND,ND,ND,ND,ND,ND,,,,
ME0091530,STRONG WATER DISTRICT,TREAT PT 1,11/30/2022,ND,ND,ND,ND,ND,ND,ND,ND,ND,ND,,,,
ME0092492,SUES PLACE DAYCARE,TREAT PT 1,2/2/2022,,,,,,,,,,,,,,
ME0092492,SUES PLACE DAYCARE,TREAT PT 1,10/25/2022,ND,ND,ND,ND,ND,ND,ND,ND,ND,ND,ND,ND,ND,ND
ME0091690,SUGARLOAF WATER ASSOCIATION,MANIFOLD 1,9/14/2022,ND,ND,ND,ND,ND,ND,ND,ND,ND,ND,,,,
ME0091690,SUGARLOAF WATER ASSOCIATION,TREAT PT 6,9/14/2022,ND,ND,ND,ND,ND,ND,ND,ND,ND,ND,,,,
ME0091690,SUGARLOAF WATER ASSOCIATION,WELL HD 3,10/4/2022,ND,ND,ND,ND,ND,ND,ND,ND,ND,ND,,,,
ME0091690,SUGARLOAF WATER ASSOCIATION,WELL HD 4,6/20/2023,3.6,ND,ND,ND,ND,ND,3.6,ND,ND,ND,,,,
ME0092291,SUMMER HAVEN APARTMENTS‐BLDG 1,WELL HD 1,7/19/2023,6.85,4.13,ND,ND,ND,2.2,4.65,ND,ND,3.54,ND,ND,4.62,ND
ME0292291,SUMMER HAVEN APARTMENTS‐BLDG 3,TREAT PT 1,7/19/2023,2.67,5.95,ND,ND,ND,ND,2.67,ND,ND,ND,ND,ND,ND,ND
ME0092354,SUMMIT ACHIEVEMENT,WELL HD 1,5/17/2022,ND,ND,ND,ND,ND,ND,ND,ND,ND,ND,,,,
ME0007242,SUN HANCOCK HEIGHTS‐ EAST,WELL HD 1,8/2/2022,ND,ND,ND,ND,ND,ND,ND,ND,ND,ND,,,,
ME0107242,SUN HANCOCK HEIGHTS‐WEST,MANIFOLD 1,8/2/2022,ND,ND,ND,ND,ND,ND,ND,ND,ND,ND,,,,
ME0090615,SUNNY GABLES‐ GLENBURN HOUSING,TREAT PT 1,3/4/2024,ND,ND,ND,ND,ND,ND,ND,ND,ND,ND,,,,
ME0002421,SUNNY SLOPE TRAILER PARK,TREAT PT 1,8/16/2023,3.35,ND,ND,ND,ND,3.35,ND,ND,ND,ND,,,,
ME0095525,SUNRISE HILL ESTATES,MANIFOLD 1,6/2/2022,ND,ND,ND,ND,ND,ND,ND,ND,ND,ND,ND,ND,ND,ND
ME0092853,SUNRISE SERENITY TP,WELL HD 1,3/20/2024,155,2.13,5.31,ND,ND,111,38.2,ND,ND,5.31,,,,
ME0092853,SUNRISE SERENITY TP,WELL HD 2,3/20/2024,154,2.15,5.05,ND,ND,110,39,ND,ND,5.32,,,,
ME0007940,SUNSET GARDENS TRAILER PARK INC,WELL HD 1,5/10/2022,ND,ND,ND,ND,ND,ND,ND,ND,ND,ND,,,,
ME0000624,SURRY ELEMENTARY SCHOOL,TREAT PT 1,2/28/2024,ND,ND,ND,ND,ND,ND,ND,ND,ND,ND,,,,
ME0092432,SWEET PEA CHILDCARE,TREAT PT 1,3/9/2023,3.18,ND,ND,ND,ND,3.18,ND,ND,ND,ND,ND,ND,ND,ND
ME0107379,TANGLEWOOD MOBILE ESTATES 2,TREAT PT 1,10/4/2022,ND,ND,ND,ND,ND,ND,ND,ND,ND,ND,ND,ND,ND,ND
ME0092335,TENANTS HARBOR WATER DISTRICT,TREAT PT 1,8/18/2022,ND,ND,ND,ND,ND,ND,ND,ND,ND,ND,ND,ND,ND,ND
ME0092760,THE CURIOUS CATERPILLARS,TREAT PT 1,4/5/2023,2.46,ND,ND,ND,ND,ND,2.46,ND,ND,ND,,,,
ME0092833,THE ECOLOGY LEARNING CENTER,WELL HD 1,2/7/2023,ND,ND,ND,ND,ND,ND,ND,ND,ND,ND,,,,
ME0095010,THE MEADOWS,TREAT PT 1,9/29/2022,,,,,,,,,,,3.43,ND,8.73,ND
ME0095010,THE MEADOWS,TREAT PT 1,1/9/2024,ND,ND,ND,ND,ND,ND,ND,ND,ND,ND,,,,
ME0092482,THE MEADOWS AT FIELDSTONE LANDING,TREAT PT 1,1/18/2023,12.8,2.68,5.51,ND,ND,ND,7.29,ND,ND,5.9,,,,
ME0095659,THE PINES AT ARUNDEL,TREAT PT 1,12/14/2023,ND,ND,ND,ND,ND,ND,ND,ND,ND,ND,ND,ND,ND,ND
ME0091400,THE SANDY POINT WATER COMPANY,TREAT PT 1,10/3/2022,ND,ND,ND,ND,ND,ND,ND,ND,ND,ND,ND,ND,ND,ND
PWSID,System Name,Facility,"CollectionDate","Sum of the sixMaine‐regulated PFASanalytes (2802‐2807)","2801(PFBS)","2802(PFHPA)","2803(PFHXS)","2804(PFNA)","2805(PFOS)","2806(PFOA)","2807(PFDA)","2808(PFDOA)","2809(PFHXA)","2819(PFBA)","2820PERFLUOROOCTANESULFONIC ACID6:2 FTS","2824(PFPEA)","2828(PFPES)"
ME0008251,THREE RIVERS M H COMMUNITY,WELL HD 1,11/9/2022,ND,ND,ND,ND,ND,ND,ND,ND,ND,ND,,,,
ME0092318,TIDAL BROOK DEVELOPMENT,TREAT PT 1,3/9/2022,ND,ND,ND,ND,ND,ND,ND,ND,ND,ND,,,,
ME0095610,TIMBERLINE VILLAGE,TREAT PT 1,4/6/2023,2.35,ND,ND,ND,ND,ND,2.35,ND,ND,ND,ND,ND,ND,ND
ME0092768,TINY CREATIONS DAYCARE,TREAT PT 1,10/17/2023,2.21,ND,ND,ND,ND,2.21,ND,ND,ND,ND,ND,2.05,ND,ND
ME0092768,TINY CREATIONS DAYCARE,WELL HD 1,10/27/2022,2.21,ND,ND,ND,ND,2.21,ND,ND,ND,ND,ND,ND,ND,ND
ME0092483,TOGETHER WEE GROW,TREAT PT 1,3/9/2023,ND,ND,ND,ND,ND,ND,ND,ND,ND,ND,,,,
ME0095685,TOGUS POND MOBILE HOME PARK,TREAT PT 1,9/15/2022,ND,ND,ND,ND,ND,ND,ND,ND,ND,ND,,,,
ME0003374,TOPSHAM MOBILE HOME PARK INC,TREAT PT 1,11/4/2022,ND,ND,ND,ND,ND,ND,ND,ND,ND,ND,ND,ND,ND,ND
ME0007374,TOWN & COUNTRY MOTEL APARTMENTS,WELL HD 2,1/25/2024,38.1,ND,6.03,2.98,ND,5.34,23.7,ND,ND,5.66,,,,
ME0008921,TOWN & COUNTRY TRAILER PARK,WELL HD 2,10/24/2022,5.2,ND,ND,ND,ND,2.32,2.88,ND,ND,ND,,,,
ME0092359,TOWN AND COUNTRY APARTMENTS,TREAT PT 2,12/28/2022,2.36,ND,ND,ND,ND,2.36,ND,ND,ND,ND,,,,
ME0095660,TOWN AND COUNTRY WAYS MHP,WELL HD 1,11/23/2022,ND,ND,ND,ND,ND,ND,ND,ND,ND,ND,,,,
ME0092298,TOWN HALL APTS ‐ LAGRANGE,WELL HD 1,11/9/2022,ND,ND,ND,ND,ND,ND,ND,ND,ND,ND,,,,
ME0090120,TOWN OF BAR HARBOR‐ WATER DIVISION,TREAT PT 1,10/25/2022,ND,ND,ND,ND,ND,ND,ND,ND,ND,ND,,,,
ME0091373,TOWNE CENTER‐RIDGEWOOD APARTMENTS,TREAT PT 1,10/3/2023,ND,3.51,ND,ND,ND,ND,ND,ND,ND,ND,,,,
ME0092635,TREE FROG LEARNING CENTER,TREAT PT 1,11/9/2022,ND,ND,ND,ND,ND,ND,ND,ND,ND,ND,,,,
ME0012848,TRENTON SCHOOL,TREAT PT 1,2/2/2024,ND,ND,ND,ND,ND,ND,ND,ND,ND,ND,,,,
ME0092150,TURNER SQUARE APARTMENTS,TREAT PT 1,3/29/2023,ND,ND,ND,ND,ND,ND,ND,ND,ND,ND,,,,
ME0003660,TWIN PINES ESTATES #1,TREAT PT 1,11/3/2022,ND,ND,ND,ND,ND,ND,ND,ND,ND,ND,ND,ND,ND,ND
ME0103660,TWIN PINES ESTATES #2,WELL HD 1,11/3/2022,ND,ND,ND,ND,ND,ND,ND,ND,ND,ND,ND,ND,ND,ND
ME0098262,UM DARLING MARINE CTR #1,TREAT PT 1,9/16/2022,ND,ND,ND,ND,ND,ND,ND,ND,ND,ND,ND,ND,ND,ND
ME0095570,UNITY BY THE STREAM LLC,TREAT PT 1,12/16/2022,ND,ND,ND,ND,ND,ND,ND,ND,ND,ND,,,,
ME0000642,UNITY COLLEGE COTTAGES #642,TREAT PT 1,12/11/2023,6.57,ND,3.49,ND,ND,ND,3.08,ND,ND,7.3,,,,
ME0300642,UNITY COLLEGE‐ WOOD HALL,TREAT PT 1,6/28/2023,ND,ND,ND,ND,ND,ND,ND,ND,ND,ND,,,,
ME0100642,UNITY COLLEGE‐ACTIVITIES,TREAT PT 1,4/11/2022,ND,ND,ND,ND,ND,ND,ND,ND,ND,3.3,,,,
ME0110642,UNITY COLLEGE‐UNITY #3,TREAT PT 1,12/11/2023,ND,ND,ND,ND,ND,ND,ND,ND,ND,ND,,,,
ME0091830,US COASTGUARD STATION‐JONESPORT,TREAT PT 1,9/14/2022,ND,ND,ND,ND,ND,ND,ND,ND,ND,ND,,,,
ME0098549,US NPS ACADIA NATL PK‐SCHOODIC FACILITY,TREAT PT 1,12/5/2022,ND,,ND,ND,ND,ND,ND,ND,,,,,,
ME0091540,VAN BUREN WATER DISTRICT,TREAT PT 1,3/28/2022,ND,ND,ND,ND,ND,ND,ND,ND,ND,ND,ND,ND,ND,ND
ME0009003,VIGNEAULTS MOBILE HOME PARK,TREAT PT 1,11/1/2022,4.64,ND,ND,2.22,ND,2.42,ND,ND,ND,ND,,,,
ME0092711,VILLAGE AT ROCKPORT #1,TREAT PT 1,10/6/2022,ND,ND,ND,ND,ND,ND,ND,ND,ND,ND,,,,
ME0192711,VILLAGE AT ROCKPORT #2,TREAT PT 1,9/13/2022,ND,ND,ND,ND,ND,ND,ND,ND,ND,ND,,,,
ME0292711,VILLAGE AT ROCKPORT #3,TREAT PT 1,9/13/2022,ND,ND,ND,ND,ND,ND,ND,ND,ND,ND,,,,
ME0392711,VILLAGE AT ROCKPORT #4,TREAT PT 1,9/21/2022,ND,ND,ND,ND,ND,ND,ND,ND,ND,ND,,,,
ME0002580,VILLAGE GREEN MHP,TREAT PT 1,10/27/2022,ND,ND,ND,ND,ND,ND,ND,ND,ND,ND,,,,
ME0091550,VINALHAVEN WATER DISTRICT,TREAT PT 1,7/26/2022,ND,ND,ND,ND,ND,ND,ND,ND,ND,ND,ND,ND,ND,ND
ME0094978,WABAN PROJECTS‐ CHILD DEVELOPMENT CENTER,TREAT PT 1,6/20/2023,7.21,5.79,3.97,ND,ND,ND,3.24,ND,ND,39.3,16,ND,48.9,ND
ME0009181,WALDO COUNTY TECHNICAL CENTER,TREAT PT 1,3/23/2022,ND,ND,ND,ND,ND,ND,ND,ND,ND,ND,,,,
ME0091560,WALDOBORO WATER DEPT,TREAT PT 1,7/19/2022,ND,ND,ND,ND,ND,ND,ND,ND,ND,ND,ND,ND,ND,ND
ME0007009,WARDTOWN PARK,TREAT PT 1,6/29/2022,ND,ND,ND,ND,ND,ND,ND,ND,ND,ND,ND,ND,ND,ND
ME0091570,WASHBURN WATER & SEWER DISTRICT,TREAT PT 1,7/18/2022,ND,ND,ND,ND,ND,ND,ND,ND,ND,ND,,,,
ME0109306,WASHINGTON ACADEMY #1,WELL HD 1,2/13/2023,99.8,ND,18.2,ND,22.6,9.44,49.6,ND,ND,59,,,,
ME0009306,WASHINGTON ACADEMY #2,TREAT PT 1,12/22/2023,24.9,4.75,7.25,ND,3.42,ND,14.2,ND,ND,17.4,,,,
ME0209306,WASHINGTON ACADEMY #3,TREAT PT 1,12/21/2023,21.7,3.74,6.37,ND,3.08,ND,12.2,ND,ND,14.8,,,,
ME0309196,WASHINGTON COUNTY COMMUNITY COLLEGE #1,TREAT PT 1,1/10/2023,,,,,,,,,,,4.13,ND,6.31,ND
ME0309196,WASHINGTON COUNTY COMMUNITY COLLEGE #1,TREAT PT 1,2/27/2024,2.9,ND,ND,ND,2.9,ND,ND,ND,ND,2.46,,,,
ME0109196,WASHINGTON COUNTY COMMUNITY COLLEGE #2,TREAT PT 1,2/27/2024,ND,ND,ND,ND,ND,ND,ND,ND,ND,ND,ND,ND,ND,ND
ME0009196,WASHINGTON COUNTY COMMUNITY COLLEGE #3,TREAT PT 1,2/27/2024,ND,ND,ND,ND,ND,ND,ND,ND,ND,ND,,,,
ME0209196,WASHINGTON COUNTY COMMUNITY COLLEGE #4,TREAT PT 1,2/27/2024,ND,ND,ND,ND,ND,ND,ND,ND,ND,ND,,,,
ME0092250,WATERBORO WATER DISTRICT,TREAT PT 1,1/17/2022,ND,ND,ND,ND,ND,ND,0.63,ND,ND,ND,,,,
ME0092250,WATERBORO WATER DISTRICT,TREAT PT 2,1/17/2022,ND,ND,ND,ND,ND,ND,ND,ND,ND,ND,,,,
ME0091590,WEEKS MILLS WATER SYSTEM,TREAT PT 1,12/15/2022,ND,ND,ND,ND,ND,ND,ND,ND,ND,ND,,,,
ME0091600,WEST PARIS WATER DISTRICT,TREAT PT 1,11/10/2022,ND,ND,ND,ND,ND,ND,ND,ND,ND,ND,,,,
ME0095330,WEST RIDGE MANOR,TREAT PT 1,12/13/2022,ND,ND,ND,ND,ND,ND,ND,ND,ND,ND,,,,
ME0009171,WEST VILLAGE MOBILE HOME PARK,TREAT PT 1,7/27/2022,ND,ND,ND,ND,ND,ND,ND,ND,ND,ND,,,,
PWSID,System Name,Facility,"CollectionDate","Sum of the sixMaine‐regulated PFASanalytes (2802‐2807)","2801(PFBS)","2802(PFHPA)","2803(PFHXS)","2804(PFNA)","2805(PFOS)","2806(PFOA)","2807(PFDA)","2808(PFDOA)","2809(PFHXA)","2819(PFBA)","2820PERFLUOROOCTANESULFONIC ACID6:2 FTS","2824(PFPEA)","2828(PFPES)"
ME0008716,WHIPPOORWILL HILL MOBILE HOME,TREAT PT 1,9/7/2022,ND,ND,ND,ND,ND,ND,ND,ND,ND,ND,,,,
ME0095717,WILLOWBROOK MOBILE HOME PARK,WELL HD 1,11/9/2022,ND,ND,ND,ND,ND,ND,ND,ND,ND,ND,,,,
ME0091620,WILTON WATER DEPARTMENT,TREAT PT 1,5/3/2022,ND,ND,ND,ND,ND,ND,ND,ND,ND,ND,ND,ND,ND,ND
ME0092308,WINDERMERE APARTMENTS,TREAT PT 1,12/5/2022,ND,ND,ND,ND,ND,ND,ND,ND,ND,ND,,,,
ME0002577,WINDSWEPT ESTATES MH PARK,TREAT PT 1,1/25/2024,ND,ND,ND,ND,ND,ND,ND,ND,ND,ND,,,,
ME0091630,WINTER HARBOR WATER DISTRICT,TREAT PT 2,12/2/2022,ND,ND,ND,ND,ND,ND,ND,ND,ND,ND,,,,
ME0091640,WINTERPORT WATER DISTRICT,TREAT PT 2,10/31/2023,11.7,ND,3.09,ND,ND,ND,8.56,ND,ND,2.03,,,,
ME0091650,WINTHROP UTILITIES DISTRICT,TREAT PT 1,5/18/2022,ND,ND,ND,ND,ND,ND,ND,ND,ND,ND,ND,ND,ND,ND
ME0091660,WISCASSET WATER DISTRICT,C CONN 1,10/27/2022,ND,ND,ND,ND,ND,ND,ND,ND,ND,ND,,,,
ME0092372,WOOD POND VILLAGE,TREAT PT 1,3/9/2022,ND,ND,ND,ND,ND,ND,ND,ND,ND,ND,,,,
ME0008690,WOODED GROVE MOBILE HOME PARK,WELL HD 1,10/5/2023,6.19,2.45,ND,ND,ND,2.02,4.17,ND,ND,3.26,,,,
ME0091665,WOODLAND HILLS CONDO ASSOCIATION,MANIFOLD 2,9/28/2022,ND,ND,ND,ND,ND,ND,ND,ND,ND,ND,,,,
ME0091670,YARMOUTH WATER DISTRICT,TREAT PT 1,7/26/2022,ND,ND,ND,ND,ND,ND,ND,ND,ND,ND,,,,
ME0091670,YARMOUTH WATER DISTRICT,TREAT PT 2,12/12/2023,5.53,ND,ND,ND,ND,2.78,2.75,ND,ND,ND,,,,
ME0091670,YARMOUTH WATER DISTRICT,TREAT PT 3,12/12/2023,6.67,ND,2.51,ND,ND,ND,4.16,ND,ND,4.75,,,,
ME0091670,YARMOUTH WATER DISTRICT,TREAT PT 4,7/26/2022,ND,ND,ND,ND,ND,ND,ND,ND,ND,ND,,,,
ME0020883,YORK COUNTY SHELTERS,WELL HD 1,4/29/2022,ND,ND,ND,ND,ND,ND,ND,ND,ND,ND,ND,ND,ND,ND
ME0091680,YORK WATER DISTRICT,TREAT PT 1,8/10/2022,ND,ND,ND,ND,ND,ND,ND,ND,ND,ND,,,,
ME0092619,YOULAND CONVENIENCE LLC,TREAT PT 1,1/18/2024,ND,ND,ND,ND,ND,ND,ND,ND,ND,ND,,,,
ME0092619,YOULAND CONVENIENCE LLC,WELL HD 1,3/29/2023,274,2.28,89,6.36,10.2,33.1,135,ND,ND,40.8,,,,
