,sample_id,sampling_location,data_source,latitude,longitude,sampling_date,pws_id,water_system_name,population,well_type,well_depth,units,source_type,state,city,county,MRL,DL,analytical_methods,is_detected,analyte,concentration,pfas_total,note
0,FA91647-1,Scott AFB,DoD,38.543839,-89.8527741,2021-12-12,,,,,,ng/L,drinking water,Illinois,,,,8.0,QSM_B15,False,4:2FTS,0.0,,
1,FA91647-1,Scott AFB,DoD,38.543839,-89.8527741,2021-12-12,,,,,,ng/L,drinking water,Illinois,,,,8.0,QSM_B15,False,6:2FTS,0.0,,
2,FA91647-1,Scott AFB,DoD,38.543839,-89.8527741,2021-12-12,,,,,,ng/L,drinking water,Illinois,,,,8.0,QSM_B15,False,8:2FTS,0.0,,
3,FA91647-1,Scott AFB,DoD,38.543839,-89.8527741,2021-12-12,,,,,,ng/L,drinking water,Illinois,,,,8.0,QSM_B15,False,NETFOSAA,0.0,,
4,FA91647-1,Scott AFB,DoD,38.543839,-89.8527741,2021-12-12,,,,,,ng/L,drinking water,Illinois,,,,8.0,QSM_B15,False,NMEFOSAA,0.0,,
5,FA91647-1,Scott AFB,DoD,38.543839,-89.8527741,2021-12-12,,,,,,ng/L,drinking water,Illinois,,,,4.0,QSM_B15,False,PFBS,0.0,,
6,FA91647-1,Scott AFB,DoD,38.543839,-89.8527741,2021-12-12,,,,,,ng/L,drinking water,Illinois,,,,8.0,QSM_B15,False,PFBA,0.0,,
7,FA91647-1,Scott AFB,DoD,38.543839,-89.8527741,2021-12-12,,,,,,ng/L,drinking water,Illinois,,,,4.0,QSM_B15,False,PFDS,0.0,,
8,FA91647-1,Scott AFB,DoD,38.543839,-89.8527741,2021-12-12,,,,,,ng/L,drinking water,Illinois,,,,4.0,QSM_B15,False,PFDA,0.0,,
9,FA91647-1,Scott AFB,DoD,38.543839,-89.8527741,2021-12-12,,,,,,ng/L,drinking water,Illinois,,,,4.0,QSM_B15,False,PFDOA,0.0,,
10,FA91647-1,Scott AFB,DoD,38.543839,-89.8527741,2021-12-12,,,,,,ng/L,drinking water,Illinois,,,,4.0,QSM_B15,False,PFHPS,0.0,,
11,FA91647-1,Scott AFB,DoD,38.543839,-89.8527741,2021-12-12,,,,,,ng/L,drinking water,Illinois,,,,4.0,QSM_B15,False,PFHPA,0.0,,
12,FA91647-1,Scott AFB,DoD,38.543839,-89.8527741,2021-12-12,,,,,,ng/L,drinking water,Illinois,,,,4.0,QSM_B15,True,PFHXS,5.8,,
13,FA91647-1,Scott AFB,DoD,38.543839,-89.8527741,2021-12-12,,,,,,ng/L,drinking water,Illinois,,,,4.0,QSM_B15,False,PFHXA,0.0,,
14,FA91647-1,Scott AFB,DoD,38.543839,-89.8527741,2021-12-12,,,,,,ng/L,drinking water,Illinois,,,,4.0,QSM_B15,False,PFNS,0.0,,
15,FA91647-1,Scott AFB,DoD,38.543839,-89.8527741,2021-12-12,,,,,,ng/L,drinking water,Illinois,,,,4.0,QSM_B15,False,PFNA,0.0,,
16,FA91647-1,Scott AFB,DoD,38.543839,-89.8527741,2021-12-12,,,,,,ng/L,drinking water,Illinois,,,,4.0,QSM_B15,False,PFOSA,0.0,,
17,FA91647-1,Scott AFB,DoD,38.543839,-89.8527741,2021-12-12,,,,,,ng/L,drinking water,Illinois,,,,4.0,QSM_B15,True,PFOS,39.8,,
18,FA91647-1,Scott AFB,DoD,38.543839,-89.8527741,2021-12-12,,,,,,ng/L,drinking water,Illinois,,,,4.0,QSM_B15,True,PFOA,6.2,,
19,FA91647-1,Scott AFB,DoD,38.543839,-89.8527741,2021-12-12,,,,,,ng/L,drinking water,Illinois,,,,4.0,QSM_B15,False,PFPES,0.0,,
20,FA91647-1,Scott AFB,DoD,38.543839,-89.8527741,2021-12-12,,,,,,ng/L,drinking water,Illinois,,,,4.0,QSM_B15,False,PFPEA,0.0,,
21,FA91647-1,Scott AFB,DoD,38.543839,-89.8527741,2021-12-12,,,,,,ng/L,drinking water,Illinois,,,,4.0,QSM_B15,False,PFTEDA,0.0,,
22,FA91647-1,Scott AFB,DoD,38.543839,-89.8527741,2021-12-12,,,,,,ng/L,drinking water,Illinois,,,,4.0,QSM_B15,False,PFTRDA,0.0,,
23,FA91647-1,Scott AFB,DoD,38.543839,-89.8527741,2021-12-12,,,,,,ng/L,drinking water,Illinois,,,,4.0,QSM_B15,False,PFUNA,0.0,,
24,FA91647-2,Scott AFB,DoD,38.543839,-89.8527741,2021-12-12,,,,,,ng/L,drinking water,Illinois,,,,8.0,QSM_B15,False,4:2FTS,0.0,,
25,FA91647-2,Scott AFB,DoD,38.543839,-89.8527741,2021-12-12,,,,,,ng/L,drinking water,Illinois,,,,8.0,QSM_B15,False,6:2FTS,0.0,,
26,FA91647-2,Scott AFB,DoD,38.543839,-89.8527741,2021-12-12,,,,,,ng/L,drinking water,Illinois,,,,8.0,QSM_B15,False,8:2FTS,0.0,,
27,FA91647-2,Scott AFB,DoD,38.543839,-89.8527741,2021-12-12,,,,,,ng/L,drinking water,Illinois,,,,8.0,QSM_B15,False,NETFOSAA,0.0,,
28,FA91647-2,Scott AFB,DoD,38.543839,-89.8527741,2021-12-12,,,,,,ng/L,drinking water,Illinois,,,,8.0,QSM_B15,False,NMEFOSAA,0.0,,
29,FA91647-2,Scott AFB,DoD,38.543839,-89.8527741,2021-12-12,,,,,,ng/L,drinking water,Illinois,,,,4.0,QSM_B15,False,PFBS,0.0,,
30,FA91647-2,Scott AFB,DoD,38.543839,-89.8527741,2021-12-12,,,,,,ng/L,drinking water,Illinois,,,,8.0,QSM_B15,False,PFBA,0.0,,
31,FA91647-2,Scott AFB,DoD,38.543839,-89.8527741,2021-12-12,,,,,,ng/L,drinking water,Illinois,,,,4.0,QSM_B15,False,PFDS,0.0,,
32,FA91647-2,Scott AFB,DoD,38.543839,-89.8527741,2021-12-12,,,,,,ng/L,drinking water,Illinois,,,,4.0,QSM_B15,False,PFDA,0.0,,
33,FA91647-2,Scott AFB,DoD,38.543839,-89.8527741,2021-12-12,,,,,,ng/L,drinking water,Illinois,,,,4.0,QSM_B15,False,PFDOA,0.0,,
34,FA91647-2,Scott AFB,DoD,38.543839,-89.8527741,2021-12-12,,,,,,ng/L,drinking water,Illinois,,,,4.0,QSM_B15,True,PFHPS,2.1,,
35,FA91647-2,Scott AFB,DoD,38.543839,-89.8527741,2021-12-12,,,,,,ng/L,drinking water,Illinois,,,,4.0,QSM_B15,False,PFHPA,0.0,,
36,FA91647-2,Scott AFB,DoD,38.543839,-89.8527741,2021-12-12,,,,,,ng/L,drinking water,Illinois,,,,4.0,QSM_B15,True,PFHXS,6.7,,
37,FA91647-2,Scott AFB,DoD,38.543839,-89.8527741,2021-12-12,,,,,,ng/L,drinking water,Illinois,,,,4.0,QSM_B15,False,PFHXA,0.0,,
38,FA91647-2,Scott AFB,DoD,38.543839,-89.8527741,2021-12-12,,,,,,ng/L,drinking water,Illinois,,,,4.0,QSM_B15,False,PFNS,0.0,,
39,FA91647-2,Scott AFB,DoD,38.543839,-89.8527741,2021-12-12,,,,,,ng/L,drinking water,Illinois,,,,4.0,QSM_B15,False,PFNA,0.0,,
40,FA91647-2,Scott AFB,DoD,38.543839,-89.8527741,2021-12-12,,,,,,ng/L,drinking water,Illinois,,,,4.0,QSM_B15,False,PFOSA,0.0,,
41,FA91647-2,Scott AFB,DoD,38.543839,-89.8527741,2021-12-12,,,,,,ng/L,drinking water,Illinois,,,,4.0,QSM_B15,True,PFOS,41.7,,
42,FA91647-2,Scott AFB,DoD,38.543839,-89.8527741,2021-12-12,,,,,,ng/L,drinking water,Illinois,,,,4.0,QSM_B15,True,PFOA,6.1,,
43,FA91647-2,Scott AFB,DoD,38.543839,-89.8527741,2021-12-12,,,,,,ng/L,drinking water,Illinois,,,,4.0,QSM_B15,False,PFPES,0.0,,
44,FA91647-2,Scott AFB,DoD,38.543839,-89.8527741,2021-12-12,,,,,,ng/L,drinking water,Illinois,,,,4.0,QSM_B15,False,PFPEA,0.0,,
45,FA91647-2,Scott AFB,DoD,38.543839,-89.8527741,2021-12-12,,,,,,ng/L,drinking water,Illinois,,,,4.0,QSM_B15,False,PFTEDA,0.0,,
46,FA91647-2,Scott AFB,DoD,38.543839,-89.8527741,2021-12-12,,,,,,ng/L,drinking water,Illinois,,,,4.0,QSM_B15,False,PFTRDA,0.0,,
47,FA91647-2,Scott AFB,DoD,38.543839,-89.8527741,2021-12-12,,,,,,ng/L,drinking water,Illinois,,,,4.0,QSM_B15,False,PFUNA,0.0,,
48,FA94204-1,Scott AFB,DoD,38.543839,-89.8527741,2022-03-21,,,,,,ng/L,drinking water,Illinois,,,,8.0,QSM_B15,False,4:2FTS,0.0,,
49,FA94204-1,Scott AFB,DoD,38.543839,-89.8527741,2022-03-21,,,,,,ng/L,drinking water,Illinois,,,,8.0,QSM_B15,False,6:2FTS,0.0,,
50,FA94204-1,Scott AFB,DoD,38.543839,-89.8527741,2022-03-21,,,,,,ng/L,drinking water,Illinois,,,,8.0,QSM_B15,False,8:2FTS,0.0,,
51,FA94204-1,Scott AFB,DoD,38.543839,-89.8527741,2022-03-21,,,,,,ng/L,drinking water,Illinois,,,,40.0,QSM_B15,False,NETFOSAA,0.0,,
52,FA94204-1,Scott AFB,DoD,38.543839,-89.8527741,2022-03-21,,,,,,ng/L,drinking water,Illinois,,,,8.0,QSM_B15,False,NMEFOSAA,0.0,,
53,FA94204-1,Scott AFB,DoD,38.543839,-89.8527741,2022-03-21,,,,,,ng/L,drinking water,Illinois,,,,4.0,QSM_B15,False,PFBS,0.0,,
54,FA94204-1,Scott AFB,DoD,38.543839,-89.8527741,2022-03-21,,,,,,ng/L,drinking water,Illinois,,,,8.0,QSM_B15,False,PFBA,0.0,,
55,FA94204-1,Scott AFB,DoD,38.543839,-89.8527741,2022-03-21,,,,,,ng/L,drinking water,Illinois,,,,20.0,QSM_B15,False,PFDS,0.0,,
56,FA94204-1,Scott AFB,DoD,38.543839,-89.8527741,2022-03-21,,,,,,ng/L,drinking water,Illinois,,,,4.0,QSM_B15,False,PFDA,0.0,,
57,FA94204-1,Scott AFB,DoD,38.543839,-89.8527741,2022-03-21,,,,,,ng/L,drinking water,Illinois,,,,20.0,QSM_B15,False,PFDOA,0.0,,
58,FA94204-1,Scott AFB,DoD,38.543839,-89.8527741,2022-03-21,,,,,,ng/L,drinking water,Illinois,,,,4.0,QSM_B15,False,PFHPS,0.0,,
59,FA94204-1,Scott AFB,DoD,38.543839,-89.8527741,2022-03-21,,,,,,ng/L,drinking water,Illinois,,,,4.0,QSM_B15,False,PFHPA,0.0,,
60,FA94204-1,Scott AFB,DoD,38.543839,-89.8527741,2022-03-21,,,,,,ng/L,drinking water,Illinois,,,,10.1,QSM_B15,True,PFHXS,10.1,,
61,FA94204-1,Scott AFB,DoD,38.543839,-89.8527741,2022-03-21,,,,,,ng/L,drinking water,Illinois,,,,4.0,QSM_B15,False,PFHXA,0.0,,
62,FA94204-1,Scott AFB,DoD,38.543839,-89.8527741,2022-03-21,,,,,,ng/L,drinking water,Illinois,,,,4.0,QSM_B15,False,PFNS,0.0,,
63,FA94204-1,Scott AFB,DoD,38.543839,-89.8527741,2022-03-21,,,,,,ng/L,drinking water,Illinois,,,,4.0,QSM_B15,False,PFNA,0.0,,
64,FA94204-1,Scott AFB,DoD,38.543839,-89.8527741,2022-03-21,,,,,,ng/L,drinking water,Illinois,,,,20.0,QSM_B15,False,PFOSA,0.0,,
65,FA94204-1,Scott AFB,DoD,38.543839,-89.8527741,2022-03-21,,,,,,ng/L,drinking water,Illinois,,,,41.0,QSM_B15,True,PFOS,41.0,,
66,FA94204-1,Scott AFB,DoD,38.543839,-89.8527741,2022-03-21,,,,,,ng/L,drinking water,Illinois,,,,5.1,QSM_B15,True,PFOA,5.1,,
67,FA94204-1,Scott AFB,DoD,38.543839,-89.8527741,2022-03-21,,,,,,ng/L,drinking water,Illinois,,,,4.0,QSM_B15,False,PFPES,0.0,,
68,FA94204-1,Scott AFB,DoD,38.543839,-89.8527741,2022-03-21,,,,,,ng/L,drinking water,Illinois,,,,4.0,QSM_B15,False,PFPEA,0.0,,
69,FA94204-1,Scott AFB,DoD,38.543839,-89.8527741,2022-03-21,,,,,,ng/L,drinking water,Illinois,,,,20.0,QSM_B15,False,PFTEDA,0.0,,
70,FA94204-1,Scott AFB,DoD,38.543839,-89.8527741,2022-03-21,,,,,,ng/L,drinking water,Illinois,,,,20.0,QSM_B15,False,PFTRDA,0.0,,
71,FA94204-1,Scott AFB,DoD,38.543839,-89.8527741,2022-03-21,,,,,,ng/L,drinking water,Illinois,,,,20.0,QSM_B15,False,PFUNA,0.0,,
72,FA94204-3,Scott AFB,DoD,38.543839,-89.8527741,2022-03-21,,,,,,ng/L,drinking water,Illinois,,,,8.0,QSM_B15,False,4:2FTS,0.0,,
73,FA94204-3,Scott AFB,DoD,38.543839,-89.8527741,2022-03-21,,,,,,ng/L,drinking water,Illinois,,,,8.0,QSM_B15,False,6:2FTS,0.0,,
74,FA94204-3,Scott AFB,DoD,38.543839,-89.8527741,2022-03-21,,,,,,ng/L,drinking water,Illinois,,,,8.0,QSM_B15,False,8:2FTS,0.0,,
75,FA94204-3,Scott AFB,DoD,38.543839,-89.8527741,2022-03-21,,,,,,ng/L,drinking water,Illinois,,,,8.0,QSM_B15,False,NETFOSAA,0.0,,
76,FA94204-3,Scott AFB,DoD,38.543839,-89.8527741,2022-03-21,,,,,,ng/L,drinking water,Illinois,,,,8.0,QSM_B15,False,NMEFOSAA,0.0,,
77,FA94204-3,Scott AFB,DoD,38.543839,-89.8527741,2022-03-21,,,,,,ng/L,drinking water,Illinois,,,,4.0,QSM_B15,False,PFBS,0.0,,
78,FA94204-3,Scott AFB,DoD,38.543839,-89.8527741,2022-03-21,,,,,,ng/L,drinking water,Illinois,,,,8.0,QSM_B15,False,PFBA,0.0,,
79,FA94204-3,Scott AFB,DoD,38.543839,-89.8527741,2022-03-21,,,,,,ng/L,drinking water,Illinois,,,,4.0,QSM_B15,False,PFDS,0.0,,
80,FA94204-3,Scott AFB,DoD,38.543839,-89.8527741,2022-03-21,,,,,,ng/L,drinking water,Illinois,,,,4.0,QSM_B15,False,PFDA,0.0,,
81,FA94204-3,Scott AFB,DoD,38.543839,-89.8527741,2022-03-21,,,,,,ng/L,drinking water,Illinois,,,,4.0,QSM_B15,False,PFDOA,0.0,,
82,FA94204-3,Scott AFB,DoD,38.543839,-89.8527741,2022-03-21,,,,,,ng/L,drinking water,Illinois,,,,4.0,QSM_B15,False,PFHPS,0.0,,
83,FA94204-3,Scott AFB,DoD,38.543839,-89.8527741,2022-03-21,,,,,,ng/L,drinking water,Illinois,,,,4.0,QSM_B15,False,PFHPA,0.0,,
84,FA94204-3,Scott AFB,DoD,38.543839,-89.8527741,2022-03-21,,,,,,ng/L,drinking water,Illinois,,,,4.0,QSM_B15,False,PFHXS,0.0,,
85,FA94204-3,Scott AFB,DoD,38.543839,-89.8527741,2022-03-21,,,,,,ng/L,drinking water,Illinois,,,,4.0,QSM_B15,False,PFHXA,0.0,,
86,FA94204-3,Scott AFB,DoD,38.543839,-89.8527741,2022-03-21,,,,,,ng/L,drinking water,Illinois,,,,4.0,QSM_B15,False,PFNS,0.0,,
87,FA94204-3,Scott AFB,DoD,38.543839,-89.8527741,2022-03-21,,,,,,ng/L,drinking water,Illinois,,,,4.0,QSM_B15,False,PFNA,0.0,,
88,FA94204-3,Scott AFB,DoD,38.543839,-89.8527741,2022-03-21,,,,,,ng/L,drinking water,Illinois,,,,4.0,QSM_B15,False,PFOSA,0.0,,
89,FA94204-3,Scott AFB,DoD,38.543839,-89.8527741,2022-03-21,,,,,,ng/L,drinking water,Illinois,,,,4.0,QSM_B15,False,PFOS,0.0,,
90,FA94204-3,Scott AFB,DoD,38.543839,-89.8527741,2022-03-21,,,,,,ng/L,drinking water,Illinois,,,,4.0,QSM_B15,False,PFOA,0.0,,
91,FA94204-3,Scott AFB,DoD,38.543839,-89.8527741,2022-03-21,,,,,,ng/L,drinking water,Illinois,,,,4.0,QSM_B15,False,PFPES,0.0,,
92,FA94204-3,Scott AFB,DoD,38.543839,-89.8527741,2022-03-21,,,,,,ng/L,drinking water,Illinois,,,,4.0,QSM_B15,False,PFPEA,0.0,,
93,FA94204-3,Scott AFB,DoD,38.543839,-89.8527741,2022-03-21,,,,,,ng/L,drinking water,Illinois,,,,4.0,QSM_B15,False,PFTEDA,0.0,,
94,FA94204-3,Scott AFB,DoD,38.543839,-89.8527741,2022-03-21,,,,,,ng/L,drinking water,Illinois,,,,4.0,QSM_B15,False,PFTRDA,0.0,,
95,FA94204-3,Scott AFB,DoD,38.543839,-89.8527741,2022-03-21,,,,,,ng/L,drinking water,Illinois,,,,4.0,QSM_B15,False,PFUNA,0.0,,
96,FA94204-2,Scott AFB,DoD,38.543839,-89.8527741,2022-03-21,,,,,,ng/L,drinking water,Illinois,,,,8.0,QSM_B15,False,4:2FTS,0.0,,
97,FA94204-2,Scott AFB,DoD,38.543839,-89.8527741,2022-03-21,,,,,,ng/L,drinking water,Illinois,,,,8.0,QSM_B15,False,6:2FTS,0.0,,
98,FA94204-2,Scott AFB,DoD,38.543839,-89.8527741,2022-03-21,,,,,,ng/L,drinking water,Illinois,,,,8.0,QSM_B15,False,8:2FTS,0.0,,
99,FA94204-2,Scott AFB,DoD,38.543839,-89.8527741,2022-03-21,,,,,,ng/L,drinking water,Illinois,,,,8.0,QSM_B15,False,NETFOSAA,0.0,,
100,FA94204-2,Scott AFB,DoD,38.543839,-89.8527741,2022-03-21,,,,,,ng/L,drinking water,Illinois,,,,8.0,QSM_B15,False,NMEFOSAA,0.0,,
101,FA94204-2,Scott AFB,DoD,38.543839,-89.8527741,2022-03-21,,,,,,ng/L,drinking water,Illinois,,,,4.0,QSM_B15,False,PFBS,0.0,,
102,FA94204-2,Scott AFB,DoD,38.543839,-89.8527741,2022-03-21,,,,,,ng/L,drinking water,Illinois,,,,8.0,QSM_B15,False,PFBA,0.0,,
103,FA94204-2,Scott AFB,DoD,38.543839,-89.8527741,2022-03-21,,,,,,ng/L,drinking water,Illinois,,,,4.0,QSM_B15,False,PFDS,0.0,,
104,FA94204-2,Scott AFB,DoD,38.543839,-89.8527741,2022-03-21,,,,,,ng/L,drinking water,Illinois,,,,4.0,QSM_B15,False,PFDA,0.0,,
105,FA94204-2,Scott AFB,DoD,38.543839,-89.8527741,2022-03-21,,,,,,ng/L,drinking water,Illinois,,,,4.0,QSM_B15,False,PFDOA,0.0,,
106,FA94204-2,Scott AFB,DoD,38.543839,-89.8527741,2022-03-21,,,,,,ng/L,drinking water,Illinois,,,,4.0,QSM_B15,False,PFHPS,0.0,,
107,FA94204-2,Scott AFB,DoD,38.543839,-89.8527741,2022-03-21,,,,,,ng/L,drinking water,Illinois,,,,4.0,QSM_B15,False,PFHPA,0.0,,
108,FA94204-2,Scott AFB,DoD,38.543839,-89.8527741,2022-03-21,,,,,,ng/L,drinking water,Illinois,,,,9.4,QSM_B15,True,PFHXS,9.4,,
109,FA94204-2,Scott AFB,DoD,38.543839,-89.8527741,2022-03-21,,,,,,ng/L,drinking water,Illinois,,,,4.0,QSM_B15,False,PFHXA,0.0,,
110,FA94204-2,Scott AFB,DoD,38.543839,-89.8527741,2022-03-21,,,,,,ng/L,drinking water,Illinois,,,,4.0,QSM_B15,False,PFNS,0.0,,
111,FA94204-2,Scott AFB,DoD,38.543839,-89.8527741,2022-03-21,,,,,,ng/L,drinking water,Illinois,,,,4.0,QSM_B15,False,PFNA,0.0,,
112,FA94204-2,Scott AFB,DoD,38.543839,-89.8527741,2022-03-21,,,,,,ng/L,drinking water,Illinois,,,,4.0,QSM_B15,False,PFOSA,0.0,,
113,FA94204-2,Scott AFB,DoD,38.543839,-89.8527741,2022-03-21,,,,,,ng/L,drinking water,Illinois,,,,39.3,QSM_B15,True,PFOS,39.3,,
114,FA94204-2,Scott AFB,DoD,38.543839,-89.8527741,2022-03-21,,,,,,ng/L,drinking water,Illinois,,,,5.4,QSM_B15,True,PFOA,5.4,,
115,FA94204-2,Scott AFB,DoD,38.543839,-89.8527741,2022-03-21,,,,,,ng/L,drinking water,Illinois,,,,4.0,QSM_B15,False,PFPES,0.0,,
116,FA94204-2,Scott AFB,DoD,38.543839,-89.8527741,2022-03-21,,,,,,ng/L,drinking water,Illinois,,,,4.0,QSM_B15,False,PFPEA,0.0,,
117,FA94204-2,Scott AFB,DoD,38.543839,-89.8527741,2022-03-21,,,,,,ng/L,drinking water,Illinois,,,,4.0,QSM_B15,False,PFTEDA,0.0,,
118,FA94204-2,Scott AFB,DoD,38.543839,-89.8527741,2022-03-21,,,,,,ng/L,drinking water,Illinois,,,,4.0,QSM_B15,False,PFTRDA,0.0,,
119,FA94204-2,Scott AFB,DoD,38.543839,-89.8527741,2022-03-21,,,,,,ng/L,drinking water,Illinois,,,,4.0,QSM_B15,False,PFUNA,0.0,,
120,FA99207-1,Scott AFB,DoD,38.543839,-89.8527741,2022-09-21,,,,,,ng/L,drinking water,Illinois,,,,8.0,QSM_B15,False,4:2FTS,0.0,,
121,FA99207-1,Scott AFB,DoD,38.543839,-89.8527741,2022-09-21,,,,,,ng/L,drinking water,Illinois,,,,8.0,QSM_B15,False,6:2FTS,0.0,,
122,FA99207-1,Scott AFB,DoD,38.543839,-89.8527741,2022-09-21,,,,,,ng/L,drinking water,Illinois,,,,8.0,QSM_B15,False,8:2FTS,0.0,,
123,FA99207-1,Scott AFB,DoD,38.543839,-89.8527741,2022-09-21,,,,,,ng/L,drinking water,Illinois,,,,8.0,QSM_B15,False,NETFOSAA,0.0,,
124,FA99207-1,Scott AFB,DoD,38.543839,-89.8527741,2022-09-21,,,,,,ng/L,drinking water,Illinois,,,,8.0,QSM_B15,False,NMEFOSAA,0.0,,
125,FA99207-1,Scott AFB,DoD,38.543839,-89.8527741,2022-09-21,,,,,,ng/L,drinking water,Illinois,,,,4.0,QSM_B15,False,PFBS,0.0,,
126,FA99207-1,Scott AFB,DoD,38.543839,-89.8527741,2022-09-21,,,,,,ng/L,drinking water,Illinois,,,,8.0,QSM_B15,False,PFBA,0.0,,
127,FA99207-1,Scott AFB,DoD,38.543839,-89.8527741,2022-09-21,,,,,,ng/L,drinking water,Illinois,,,,4.0,QSM_B15,False,PFDS,0.0,,
128,FA99207-1,Scott AFB,DoD,38.543839,-89.8527741,2022-09-21,,,,,,ng/L,drinking water,Illinois,,,,4.0,QSM_B15,False,PFDA,0.0,,
129,FA99207-1,Scott AFB,DoD,38.543839,-89.8527741,2022-09-21,,,,,,ng/L,drinking water,Illinois,,,,4.0,QSM_B15,False,PFDOA,0.0,,
130,FA99207-1,Scott AFB,DoD,38.543839,-89.8527741,2022-09-21,,,,,,ng/L,drinking water,Illinois,,,,4.0,QSM_B15,False,PFHPS,0.0,,
131,FA99207-1,Scott AFB,DoD,38.543839,-89.8527741,2022-09-21,,,,,,ng/L,drinking water,Illinois,,,,4.0,QSM_B15,False,PFHPA,0.0,,
132,FA99207-1,Scott AFB,DoD,38.543839,-89.8527741,2022-09-21,,,,,,ng/L,drinking water,Illinois,,,,4.0,QSM_B15,True,PFHXS,5.7,,
133,FA99207-1,Scott AFB,DoD,38.543839,-89.8527741,2022-09-21,,,,,,ng/L,drinking water,Illinois,,,,4.0,QSM_B15,False,PFHXA,0.0,,
134,FA99207-1,Scott AFB,DoD,38.543839,-89.8527741,2022-09-21,,,,,,ng/L,drinking water,Illinois,,,,4.0,QSM_B15,False,PFNS,0.0,,
135,FA99207-1,Scott AFB,DoD,38.543839,-89.8527741,2022-09-21,,,,,,ng/L,drinking water,Illinois,,,,4.0,QSM_B15,False,PFNA,0.0,,
136,FA99207-1,Scott AFB,DoD,38.543839,-89.8527741,2022-09-21,,,,,,ng/L,drinking water,Illinois,,,,4.0,QSM_B15,False,PFOSA,0.0,,
137,FA99207-1,Scott AFB,DoD,38.543839,-89.8527741,2022-09-21,,,,,,ng/L,drinking water,Illinois,,,,4.0,QSM_B15,True,PFOS,46.1,,
138,FA99207-1,Scott AFB,DoD,38.543839,-89.8527741,2022-09-21,,,,,,ng/L,drinking water,Illinois,,,,4.0,QSM_B15,True,PFOA,8.0,,
139,FA99207-1,Scott AFB,DoD,38.543839,-89.8527741,2022-09-21,,,,,,ng/L,drinking water,Illinois,,,,4.0,QSM_B15,False,PFPES,0.0,,
140,FA99207-1,Scott AFB,DoD,38.543839,-89.8527741,2022-09-21,,,,,,ng/L,drinking water,Illinois,,,,4.0,QSM_B15,False,PFPEA,0.0,,
141,FA99207-1,Scott AFB,DoD,38.543839,-89.8527741,2022-09-21,,,,,,ng/L,drinking water,Illinois,,,,4.0,QSM_B15,False,PFTEDA,0.0,,
142,FA99207-1,Scott AFB,DoD,38.543839,-89.8527741,2022-09-21,,,,,,ng/L,drinking water,Illinois,,,,4.0,QSM_B15,False,PFTRDA,0.0,,
143,FA99207-1,Scott AFB,DoD,38.543839,-89.8527741,2022-09-21,,,,,,ng/L,drinking water,Illinois,,,,4.0,QSM_B15,False,PFUNA,0.0,,
144,FA99207-3,Scott AFB,DoD,38.543839,-89.8527741,2022-09-22,,,,,,ng/L,drinking water,Illinois,,,,8.0,QSM_B15,False,4:2FTS,0.0,,
145,FA99207-3,Scott AFB,DoD,38.543839,-89.8527741,2022-09-22,,,,,,ng/L,drinking water,Illinois,,,,8.0,QSM_B15,False,6:2FTS,0.0,,
146,FA99207-3,Scott AFB,DoD,38.543839,-89.8527741,2022-09-22,,,,,,ng/L,drinking water,Illinois,,,,8.0,QSM_B15,False,8:2FTS,0.0,,
147,FA99207-3,Scott AFB,DoD,38.543839,-89.8527741,2022-09-22,,,,,,ng/L,drinking water,Illinois,,,,8.0,QSM_B15,False,NETFOSAA,0.0,,
148,FA99207-3,Scott AFB,DoD,38.543839,-89.8527741,2022-09-22,,,,,,ng/L,drinking water,Illinois,,,,8.0,QSM_B15,False,NMEFOSAA,0.0,,
149,FA99207-3,Scott AFB,DoD,38.543839,-89.8527741,2022-09-22,,,,,,ng/L,drinking water,Illinois,,,,4.0,QSM_B15,False,PFBS,0.0,,
150,FA99207-3,Scott AFB,DoD,38.543839,-89.8527741,2022-09-22,,,,,,ng/L,drinking water,Illinois,,,,8.0,QSM_B15,False,PFBA,0.0,,
151,FA99207-3,Scott AFB,DoD,38.543839,-89.8527741,2022-09-22,,,,,,ng/L,drinking water,Illinois,,,,4.0,QSM_B15,False,PFDS,0.0,,
152,FA99207-3,Scott AFB,DoD,38.543839,-89.8527741,2022-09-22,,,,,,ng/L,drinking water,Illinois,,,,4.0,QSM_B15,False,PFDA,0.0,,
153,FA99207-3,Scott AFB,DoD,38.543839,-89.8527741,2022-09-22,,,,,,ng/L,drinking water,Illinois,,,,4.0,QSM_B15,False,PFDOA,0.0,,
154,FA99207-3,Scott AFB,DoD,38.543839,-89.8527741,2022-09-22,,,,,,ng/L,drinking water,Illinois,,,,4.0,QSM_B15,False,PFHPS,0.0,,
155,FA99207-3,Scott AFB,DoD,38.543839,-89.8527741,2022-09-22,,,,,,ng/L,drinking water,Illinois,,,,4.0,QSM_B15,False,PFHPA,0.0,,
156,FA99207-3,Scott AFB,DoD,38.543839,-89.8527741,2022-09-22,,,,,,ng/L,drinking water,Illinois,,,,4.0,QSM_B15,False,PFHXS,0.0,,
157,FA99207-3,Scott AFB,DoD,38.543839,-89.8527741,2022-09-22,,,,,,ng/L,drinking water,Illinois,,,,4.0,QSM_B15,False,PFHXA,0.0,,
158,FA99207-3,Scott AFB,DoD,38.543839,-89.8527741,2022-09-22,,,,,,ng/L,drinking water,Illinois,,,,4.0,QSM_B15,False,PFNS,0.0,,
159,FA99207-3,Scott AFB,DoD,38.543839,-89.8527741,2022-09-22,,,,,,ng/L,drinking water,Illinois,,,,4.0,QSM_B15,False,PFNA,0.0,,
160,FA99207-3,Scott AFB,DoD,38.543839,-89.8527741,2022-09-22,,,,,,ng/L,drinking water,Illinois,,,,4.0,QSM_B15,False,PFOSA,0.0,,
161,FA99207-3,Scott AFB,DoD,38.543839,-89.8527741,2022-09-22,,,,,,ng/L,drinking water,Illinois,,,,4.0,QSM_B15,False,PFOS,0.0,,
162,FA99207-3,Scott AFB,DoD,38.543839,-89.8527741,2022-09-22,,,,,,ng/L,drinking water,Illinois,,,,4.0,QSM_B15,False,PFOA,0.0,,
163,FA99207-3,Scott AFB,DoD,38.543839,-89.8527741,2022-09-22,,,,,,ng/L,drinking water,Illinois,,,,4.0,QSM_B15,False,PFPES,0.0,,
164,FA99207-3,Scott AFB,DoD,38.543839,-89.8527741,2022-09-22,,,,,,ng/L,drinking water,Illinois,,,,4.0,QSM_B15,False,PFPEA,0.0,,
165,FA99207-3,Scott AFB,DoD,38.543839,-89.8527741,2022-09-22,,,,,,ng/L,drinking water,Illinois,,,,4.0,QSM_B15,False,PFTEDA,0.0,,
166,FA99207-3,Scott AFB,DoD,38.543839,-89.8527741,2022-09-22,,,,,,ng/L,drinking water,Illinois,,,,4.0,QSM_B15,False,PFTRDA,0.0,,
167,FA99207-3,Scott AFB,DoD,38.543839,-89.8527741,2022-09-22,,,,,,ng/L,drinking water,Illinois,,,,4.0,QSM_B15,False,PFUNA,0.0,,
168,FA99207-4,Scott AFB,DoD,38.543839,-89.8527741,2022-09-22,,,,,,ng/L,drinking water,Illinois,,,,8.0,QSM_B15,False,4:2FTS,0.0,,
169,FA99207-4,Scott AFB,DoD,38.543839,-89.8527741,2022-09-22,,,,,,ng/L,drinking water,Illinois,,,,8.0,QSM_B15,False,6:2FTS,0.0,,
170,FA99207-4,Scott AFB,DoD,38.543839,-89.8527741,2022-09-22,,,,,,ng/L,drinking water,Illinois,,,,40.0,QSM_B15,False,8:2FTS,0.0,,
171,FA99207-4,Scott AFB,DoD,38.543839,-89.8527741,2022-09-22,,,,,,ng/L,drinking water,Illinois,,,,8.0,QSM_B15,False,NETFOSAA,0.0,,
172,FA99207-4,Scott AFB,DoD,38.543839,-89.8527741,2022-09-22,,,,,,ng/L,drinking water,Illinois,,,,8.0,QSM_B15,False,NMEFOSAA,0.0,,
173,FA99207-4,Scott AFB,DoD,38.543839,-89.8527741,2022-09-22,,,,,,ng/L,drinking water,Illinois,,,,4.0,QSM_B15,False,PFBS,0.0,,
174,FA99207-4,Scott AFB,DoD,38.543839,-89.8527741,2022-09-22,,,,,,ng/L,drinking water,Illinois,,,,8.0,QSM_B15,False,PFBA,0.0,,
175,FA99207-4,Scott AFB,DoD,38.543839,-89.8527741,2022-09-22,,,,,,ng/L,drinking water,Illinois,,,,4.0,QSM_B15,False,PFDS,0.0,,
176,FA99207-4,Scott AFB,DoD,38.543839,-89.8527741,2022-09-22,,,,,,ng/L,drinking water,Illinois,,,,4.0,QSM_B15,False,PFDA,0.0,,
177,FA99207-4,Scott AFB,DoD,38.543839,-89.8527741,2022-09-22,,,,,,ng/L,drinking water,Illinois,,,,4.0,QSM_B15,False,PFDOA,0.0,,
178,FA99207-4,Scott AFB,DoD,38.543839,-89.8527741,2022-09-22,,,,,,ng/L,drinking water,Illinois,,,,4.0,QSM_B15,True,PFHPS,3.2,,
179,FA99207-4,Scott AFB,DoD,38.543839,-89.8527741,2022-09-22,,,,,,ng/L,drinking water,Illinois,,,,4.0,QSM_B15,True,PFHPA,10.9,,
180,FA99207-4,Scott AFB,DoD,38.543839,-89.8527741,2022-09-22,,,,,,ng/L,drinking water,Illinois,,,,4.0,QSM_B15,True,PFHXS,8.2,,
181,FA99207-4,Scott AFB,DoD,38.543839,-89.8527741,2022-09-22,,,,,,ng/L,drinking water,Illinois,,,,4.0,QSM_B15,True,PFHXA,6.2,,
182,FA99207-4,Scott AFB,DoD,38.543839,-89.8527741,2022-09-22,,,,,,ng/L,drinking water,Illinois,,,,4.0,QSM_B15,False,PFNS,0.0,,
183,FA99207-4,Scott AFB,DoD,38.543839,-89.8527741,2022-09-22,,,,,,ng/L,drinking water,Illinois,,,,4.0,QSM_B15,True,PFNA,5.3,,
184,FA99207-4,Scott AFB,DoD,38.543839,-89.8527741,2022-09-22,,,,,,ng/L,drinking water,Illinois,,,,4.0,QSM_B15,False,PFOSA,0.0,,
185,FA99207-4,Scott AFB,DoD,38.543839,-89.8527741,2022-09-22,,,,,,ng/L,drinking water,Illinois,,,,4.0,QSM_B15,True,PFOS,141.0,,
186,FA99207-4,Scott AFB,DoD,38.543839,-89.8527741,2022-09-22,,,,,,ng/L,drinking water,Illinois,,,,4.0,QSM_B15,True,PFOA,64.9,,
187,FA99207-4,Scott AFB,DoD,38.543839,-89.8527741,2022-09-22,,,,,,ng/L,drinking water,Illinois,,,,4.0,QSM_B15,False,PFPES,0.0,,
188,FA99207-4,Scott AFB,DoD,38.543839,-89.8527741,2022-09-22,,,,,,ng/L,drinking water,Illinois,,,,4.0,QSM_B15,True,PFPEA,4.3,,
189,FA99207-4,Scott AFB,DoD,38.543839,-89.8527741,2022-09-22,,,,,,ng/L,drinking water,Illinois,,,,4.0,QSM_B15,False,PFTEDA,0.0,,
190,FA99207-4,Scott AFB,DoD,38.543839,-89.8527741,2022-09-22,,,,,,ng/L,drinking water,Illinois,,,,4.0,QSM_B15,False,PFTRDA,0.0,,
191,FA99207-4,Scott AFB,DoD,38.543839,-89.8527741,2022-09-22,,,,,,ng/L,drinking water,Illinois,,,,4.0,QSM_B15,False,PFUNA,0.0,,
192,FA99207-5,Scott AFB,DoD,38.543839,-89.8527741,2022-09-22,,,,,,ng/L,drinking water,Illinois,,,,8.0,QSM_B15,False,4:2FTS,0.0,,
193,FA99207-5,Scott AFB,DoD,38.543839,-89.8527741,2022-09-22,,,,,,ng/L,drinking water,Illinois,,,,8.0,QSM_B15,False,6:2FTS,0.0,,
194,FA99207-5,Scott AFB,DoD,38.543839,-89.8527741,2022-09-22,,,,,,ng/L,drinking water,Illinois,,,,8.0,QSM_B15,False,8:2FTS,0.0,,
195,FA99207-5,Scott AFB,DoD,38.543839,-89.8527741,2022-09-22,,,,,,ng/L,drinking water,Illinois,,,,8.0,QSM_B15,False,NETFOSAA,0.0,,
196,FA99207-5,Scott AFB,DoD,38.543839,-89.8527741,2022-09-22,,,,,,ng/L,drinking water,Illinois,,,,8.0,QSM_B15,False,NMEFOSAA,0.0,,
197,FA99207-5,Scott AFB,DoD,38.543839,-89.8527741,2022-09-22,,,,,,ng/L,drinking water,Illinois,,,,4.0,QSM_B15,False,PFBS,0.0,,
198,FA99207-5,Scott AFB,DoD,38.543839,-89.8527741,2022-09-22,,,,,,ng/L,drinking water,Illinois,,,,8.0,QSM_B15,False,PFBA,0.0,,
199,FA99207-5,Scott AFB,DoD,38.543839,-89.8527741,2022-09-22,,,,,,ng/L,drinking water,Illinois,,,,4.0,QSM_B15,False,PFDS,0.0,,
200,FA99207-5,Scott AFB,DoD,38.543839,-89.8527741,2022-09-22,,,,,,ng/L,drinking water,Illinois,,,,4.0,QSM_B15,False,PFDA,0.0,,
201,FA99207-5,Scott AFB,DoD,38.543839,-89.8527741,2022-09-22,,,,,,ng/L,drinking water,Illinois,,,,4.0,QSM_B15,False,PFDOA,0.0,,
202,FA99207-5,Scott AFB,DoD,38.543839,-89.8527741,2022-09-22,,,,,,ng/L,drinking water,Illinois,,,,4.0,QSM_B15,True,PFHPS,3.8,,
203,FA99207-5,Scott AFB,DoD,38.543839,-89.8527741,2022-09-22,,,,,,ng/L,drinking water,Illinois,,,,4.0,QSM_B15,True,PFHPA,11.9,,
204,FA99207-5,Scott AFB,DoD,38.543839,-89.8527741,2022-09-22,,,,,,ng/L,drinking water,Illinois,,,,4.0,QSM_B15,True,PFHXS,7.6,,
205,FA99207-5,Scott AFB,DoD,38.543839,-89.8527741,2022-09-22,,,,,,ng/L,drinking water,Illinois,,,,4.0,QSM_B15,True,PFHXA,6.0,,
206,FA99207-5,Scott AFB,DoD,38.543839,-89.8527741,2022-09-22,,,,,,ng/L,drinking water,Illinois,,,,4.0,QSM_B15,False,PFNS,0.0,,
207,FA99207-5,Scott AFB,DoD,38.543839,-89.8527741,2022-09-22,,,,,,ng/L,drinking water,Illinois,,,,4.0,QSM_B15,True,PFNA,5.1,,
208,FA99207-5,Scott AFB,DoD,38.543839,-89.8527741,2022-09-22,,,,,,ng/L,drinking water,Illinois,,,,4.0,QSM_B15,False,PFOSA,0.0,,
209,FA99207-5,Scott AFB,DoD,38.543839,-89.8527741,2022-09-22,,,,,,ng/L,drinking water,Illinois,,,,4.0,QSM_B15,True,PFOS,134.0,,
210,FA99207-5,Scott AFB,DoD,38.543839,-89.8527741,2022-09-22,,,,,,ng/L,drinking water,Illinois,,,,4.0,QSM_B15,True,PFOA,63.3,,
211,FA99207-5,Scott AFB,DoD,38.543839,-89.8527741,2022-09-22,,,,,,ng/L,drinking water,Illinois,,,,4.0,QSM_B15,False,PFPES,0.0,,
212,FA99207-5,Scott AFB,DoD,38.543839,-89.8527741,2022-09-22,,,,,,ng/L,drinking water,Illinois,,,,4.0,QSM_B15,True,PFPEA,4.0,,
213,FA99207-5,Scott AFB,DoD,38.543839,-89.8527741,2022-09-22,,,,,,ng/L,drinking water,Illinois,,,,4.0,QSM_B15,False,PFTEDA,0.0,,
214,FA99207-5,Scott AFB,DoD,38.543839,-89.8527741,2022-09-22,,,,,,ng/L,drinking water,Illinois,,,,4.0,QSM_B15,False,PFTRDA,0.0,,
215,FA99207-5,Scott AFB,DoD,38.543839,-89.8527741,2022-09-22,,,,,,ng/L,drinking water,Illinois,,,,4.0,QSM_B15,False,PFUNA,0.0,,
216,FC3821-1,Scott AFB,DoD,38.543839,-89.8527741,2023-03-27,,,,,,ng/L,drinking water,Illinois,,,,8.0,QSM_B15,False,4:2FTS,0.0,,
217,FC3821-1,Scott AFB,DoD,38.543839,-89.8527741,2023-03-27,,,,,,ng/L,drinking water,Illinois,,,,8.0,QSM_B15,False,6:2FTS,0.0,,
218,FC3821-1,Scott AFB,DoD,38.543839,-89.8527741,2023-03-27,,,,,,ng/L,drinking water,Illinois,,,,8.0,QSM_B15,False,8:2FTS,0.0,,
219,FC3821-1,Scott AFB,DoD,38.543839,-89.8527741,2023-03-27,,,,,,ng/L,drinking water,Illinois,,,,8.0,QSM_B15,False,NETFOSAA,0.0,,
220,FC3821-1,Scott AFB,DoD,38.543839,-89.8527741,2023-03-27,,,,,,ng/L,drinking water,Illinois,,,,8.0,QSM_B15,False,NMEFOSAA,0.0,,
221,FC3821-1,Scott AFB,DoD,38.543839,-89.8527741,2023-03-27,,,,,,ng/L,drinking water,Illinois,,,,4.0,QSM_B15,False,PFBS,0.0,,
222,FC3821-1,Scott AFB,DoD,38.543839,-89.8527741,2023-03-27,,,,,,ng/L,drinking water,Illinois,,,,8.0,QSM_B15,False,PFBA,0.0,,
223,FC3821-1,Scott AFB,DoD,38.543839,-89.8527741,2023-03-27,,,,,,ng/L,drinking water,Illinois,,,,4.0,QSM_B15,False,PFDS,0.0,,
224,FC3821-1,Scott AFB,DoD,38.543839,-89.8527741,2023-03-27,,,,,,ng/L,drinking water,Illinois,,,,4.0,QSM_B15,False,PFDA,0.0,,
225,FC3821-1,Scott AFB,DoD,38.543839,-89.8527741,2023-03-27,,,,,,ng/L,drinking water,Illinois,,,,4.0,QSM_B15,False,PFDOA,0.0,,
226,FC3821-1,Scott AFB,DoD,38.543839,-89.8527741,2023-03-27,,,,,,ng/L,drinking water,Illinois,,,,4.0,QSM_B15,False,PFHPS,0.0,,
227,FC3821-1,Scott AFB,DoD,38.543839,-89.8527741,2023-03-27,,,,,,ng/L,drinking water,Illinois,,,,4.0,QSM_B15,False,PFHPA,0.0,,
228,FC3821-1,Scott AFB,DoD,38.543839,-89.8527741,2023-03-27,,,,,,ng/L,drinking water,Illinois,,,,4.0,QSM_B15,False,PFHXS,0.0,,
229,FC3821-1,Scott AFB,DoD,38.543839,-89.8527741,2023-03-27,,,,,,ng/L,drinking water,Illinois,,,,4.0,QSM_B15,False,PFHXA,0.0,,
230,FC3821-1,Scott AFB,DoD,38.543839,-89.8527741,2023-03-27,,,,,,ng/L,drinking water,Illinois,,,,4.0,QSM_B15,False,PFNS,0.0,,
231,FC3821-1,Scott AFB,DoD,38.543839,-89.8527741,2023-03-27,,,,,,ng/L,drinking water,Illinois,,,,4.0,QSM_B15,False,PFNA,0.0,,
232,FC3821-1,Scott AFB,DoD,38.543839,-89.8527741,2023-03-27,,,,,,ng/L,drinking water,Illinois,,,,4.0,QSM_B15,False,PFOSA,0.0,,
233,FC3821-1,Scott AFB,DoD,38.543839,-89.8527741,2023-03-27,,,,,,ng/L,drinking water,Illinois,,,,4.0,QSM_B15,True,PFOS,8.1,,
234,FC3821-1,Scott AFB,DoD,38.543839,-89.8527741,2023-03-27,,,,,,ng/L,drinking water,Illinois,,,,4.0,QSM_B15,False,PFOA,0.0,,
235,FC3821-1,Scott AFB,DoD,38.543839,-89.8527741,2023-03-27,,,,,,ng/L,drinking water,Illinois,,,,4.0,QSM_B15,False,PFPES,0.0,,
236,FC3821-1,Scott AFB,DoD,38.543839,-89.8527741,2023-03-27,,,,,,ng/L,drinking water,Illinois,,,,4.0,QSM_B15,False,PFPEA,0.0,,
237,FC3821-1,Scott AFB,DoD,38.543839,-89.8527741,2023-03-27,,,,,,ng/L,drinking water,Illinois,,,,4.0,QSM_B15,False,PFTEDA,0.0,,
238,FC3821-1,Scott AFB,DoD,38.543839,-89.8527741,2023-03-27,,,,,,ng/L,drinking water,Illinois,,,,4.0,QSM_B15,False,PFTRDA,0.0,,
239,FC3821-1,Scott AFB,DoD,38.543839,-89.8527741,2023-03-27,,,,,,ng/L,drinking water,Illinois,,,,4.0,QSM_B15,False,PFUNA,0.0,,
240,FC3821-3,Scott AFB,DoD,38.543839,-89.8527741,2023-03-28,,,,,,ng/L,drinking water,Illinois,,,,8.0,QSM_B15,False,4:2FTS,0.0,,
241,FC3821-3,Scott AFB,DoD,38.543839,-89.8527741,2023-03-28,,,,,,ng/L,drinking water,Illinois,,,,8.0,QSM_B15,False,6:2FTS,0.0,,
242,FC3821-3,Scott AFB,DoD,38.543839,-89.8527741,2023-03-28,,,,,,ng/L,drinking water,Illinois,,,,8.0,QSM_B15,False,8:2FTS,0.0,,
243,FC3821-3,Scott AFB,DoD,38.543839,-89.8527741,2023-03-28,,,,,,ng/L,drinking water,Illinois,,,,8.0,QSM_B15,False,NETFOSAA,0.0,,
244,FC3821-3,Scott AFB,DoD,38.543839,-89.8527741,2023-03-28,,,,,,ng/L,drinking water,Illinois,,,,8.0,QSM_B15,False,NMEFOSAA,0.0,,
245,FC3821-3,Scott AFB,DoD,38.543839,-89.8527741,2023-03-28,,,,,,ng/L,drinking water,Illinois,,,,4.0,QSM_B15,False,PFBS,0.0,,
246,FC3821-3,Scott AFB,DoD,38.543839,-89.8527741,2023-03-28,,,,,,ng/L,drinking water,Illinois,,,,8.0,QSM_B15,False,PFBA,0.0,,
247,FC3821-3,Scott AFB,DoD,38.543839,-89.8527741,2023-03-28,,,,,,ng/L,drinking water,Illinois,,,,4.0,QSM_B15,False,PFDS,0.0,,
248,FC3821-3,Scott AFB,DoD,38.543839,-89.8527741,2023-03-28,,,,,,ng/L,drinking water,Illinois,,,,4.0,QSM_B15,False,PFDA,0.0,,
249,FC3821-3,Scott AFB,DoD,38.543839,-89.8527741,2023-03-28,,,,,,ng/L,drinking water,Illinois,,,,4.0,QSM_B15,False,PFDOA,0.0,,
250,FC3821-3,Scott AFB,DoD,38.543839,-89.8527741,2023-03-28,,,,,,ng/L,drinking water,Illinois,,,,4.0,QSM_B15,False,PFHPS,0.0,,
251,FC3821-3,Scott AFB,DoD,38.543839,-89.8527741,2023-03-28,,,,,,ng/L,drinking water,Illinois,,,,4.0,QSM_B15,False,PFHPA,0.0,,
252,FC3821-3,Scott AFB,DoD,38.543839,-89.8527741,2023-03-28,,,,,,ng/L,drinking water,Illinois,,,,4.0,QSM_B15,True,PFHXS,6.9,,
253,FC3821-3,Scott AFB,DoD,38.543839,-89.8527741,2023-03-28,,,,,,ng/L,drinking water,Illinois,,,,4.0,QSM_B15,False,PFHXA,0.0,,
254,FC3821-3,Scott AFB,DoD,38.543839,-89.8527741,2023-03-28,,,,,,ng/L,drinking water,Illinois,,,,4.0,QSM_B15,False,PFNS,0.0,,
255,FC3821-3,Scott AFB,DoD,38.543839,-89.8527741,2023-03-28,,,,,,ng/L,drinking water,Illinois,,,,4.0,QSM_B15,False,PFNA,0.0,,
256,FC3821-3,Scott AFB,DoD,38.543839,-89.8527741,2023-03-28,,,,,,ng/L,drinking water,Illinois,,,,4.0,QSM_B15,False,PFOSA,0.0,,
257,FC3821-3,Scott AFB,DoD,38.543839,-89.8527741,2023-03-28,,,,,,ng/L,drinking water,Illinois,,,,4.0,QSM_B15,True,PFOS,42.1,,
258,FC3821-3,Scott AFB,DoD,38.543839,-89.8527741,2023-03-28,,,,,,ng/L,drinking water,Illinois,,,,4.0,QSM_B15,True,PFOA,4.6,,
259,FC3821-3,Scott AFB,DoD,38.543839,-89.8527741,2023-03-28,,,,,,ng/L,drinking water,Illinois,,,,4.0,QSM_B15,False,PFPES,0.0,,
260,FC3821-3,Scott AFB,DoD,38.543839,-89.8527741,2023-03-28,,,,,,ng/L,drinking water,Illinois,,,,4.0,QSM_B15,False,PFPEA,0.0,,
261,FC3821-3,Scott AFB,DoD,38.543839,-89.8527741,2023-03-28,,,,,,ng/L,drinking water,Illinois,,,,4.0,QSM_B15,False,PFTEDA,0.0,,
262,FC3821-3,Scott AFB,DoD,38.543839,-89.8527741,2023-03-28,,,,,,ng/L,drinking water,Illinois,,,,4.0,QSM_B15,False,PFTRDA,0.0,,
263,FC3821-3,Scott AFB,DoD,38.543839,-89.8527741,2023-03-28,,,,,,ng/L,drinking water,Illinois,,,,4.0,QSM_B15,False,PFUNA,0.0,,
264,FC3821-4,Scott AFB,DoD,38.543839,-89.8527741,2023-03-28,,,,,,ng/L,drinking water,Illinois,,,,8.0,QSM_B15,False,4:2FTS,0.0,,
265,FC3821-4,Scott AFB,DoD,38.543839,-89.8527741,2023-03-28,,,,,,ng/L,drinking water,Illinois,,,,8.0,QSM_B15,False,6:2FTS,0.0,,
266,FC3821-4,Scott AFB,DoD,38.543839,-89.8527741,2023-03-28,,,,,,ng/L,drinking water,Illinois,,,,8.0,QSM_B15,False,8:2FTS,0.0,,
267,FC3821-4,Scott AFB,DoD,38.543839,-89.8527741,2023-03-28,,,,,,ng/L,drinking water,Illinois,,,,40.0,QSM_B15,False,NETFOSAA,0.0,,
268,FC3821-4,Scott AFB,DoD,38.543839,-89.8527741,2023-03-28,,,,,,ng/L,drinking water,Illinois,,,,8.0,QSM_B15,False,NMEFOSAA,0.0,,
269,FC3821-4,Scott AFB,DoD,38.543839,-89.8527741,2023-03-28,,,,,,ng/L,drinking water,Illinois,,,,4.0,QSM_B15,False,PFBS,0.0,,
270,FC3821-4,Scott AFB,DoD,38.543839,-89.8527741,2023-03-28,,,,,,ng/L,drinking water,Illinois,,,,8.0,QSM_B15,False,PFBA,0.0,,
271,FC3821-4,Scott AFB,DoD,38.543839,-89.8527741,2023-03-28,,,,,,ng/L,drinking water,Illinois,,,,4.0,QSM_B15,False,PFDS,0.0,,
272,FC3821-4,Scott AFB,DoD,38.543839,-89.8527741,2023-03-28,,,,,,ng/L,drinking water,Illinois,,,,4.0,QSM_B15,False,PFDA,0.0,,
273,FC3821-4,Scott AFB,DoD,38.543839,-89.8527741,2023-03-28,,,,,,ng/L,drinking water,Illinois,,,,4.0,QSM_B15,False,PFDOA,0.0,,
274,FC3821-4,Scott AFB,DoD,38.543839,-89.8527741,2023-03-28,,,,,,ng/L,drinking water,Illinois,,,,4.0,QSM_B15,False,PFHPS,0.0,,
275,FC3821-4,Scott AFB,DoD,38.543839,-89.8527741,2023-03-28,,,,,,ng/L,drinking water,Illinois,,,,4.0,QSM_B15,False,PFHPA,0.0,,
276,FC3821-4,Scott AFB,DoD,38.543839,-89.8527741,2023-03-28,,,,,,ng/L,drinking water,Illinois,,,,4.0,QSM_B15,True,PFHXS,6.6,,
277,FC3821-4,Scott AFB,DoD,38.543839,-89.8527741,2023-03-28,,,,,,ng/L,drinking water,Illinois,,,,4.0,QSM_B15,False,PFHXA,0.0,,
278,FC3821-4,Scott AFB,DoD,38.543839,-89.8527741,2023-03-28,,,,,,ng/L,drinking water,Illinois,,,,4.0,QSM_B15,False,PFNS,0.0,,
279,FC3821-4,Scott AFB,DoD,38.543839,-89.8527741,2023-03-28,,,,,,ng/L,drinking water,Illinois,,,,4.0,QSM_B15,False,PFNA,0.0,,
280,FC3821-4,Scott AFB,DoD,38.543839,-89.8527741,2023-03-28,,,,,,ng/L,drinking water,Illinois,,,,4.0,QSM_B15,False,PFOSA,0.0,,
281,FC3821-4,Scott AFB,DoD,38.543839,-89.8527741,2023-03-28,,,,,,ng/L,drinking water,Illinois,,,,4.0,QSM_B15,True,PFOS,44.7,,
282,FC3821-4,Scott AFB,DoD,38.543839,-89.8527741,2023-03-28,,,,,,ng/L,drinking water,Illinois,,,,4.0,QSM_B15,True,PFOA,4.7,,
283,FC3821-4,Scott AFB,DoD,38.543839,-89.8527741,2023-03-28,,,,,,ng/L,drinking water,Illinois,,,,4.0,QSM_B15,False,PFPES,0.0,,
284,FC3821-4,Scott AFB,DoD,38.543839,-89.8527741,2023-03-28,,,,,,ng/L,drinking water,Illinois,,,,4.0,QSM_B15,False,PFPEA,0.0,,
285,FC3821-4,Scott AFB,DoD,38.543839,-89.8527741,2023-03-28,,,,,,ng/L,drinking water,Illinois,,,,4.0,QSM_B15,False,PFTEDA,0.0,,
286,FC3821-4,Scott AFB,DoD,38.543839,-89.8527741,2023-03-28,,,,,,ng/L,drinking water,Illinois,,,,4.0,QSM_B15,False,PFTRDA,0.0,,
287,FC3821-4,Scott AFB,DoD,38.543839,-89.8527741,2023-03-28,,,,,,ng/L,drinking water,Illinois,,,,4.0,QSM_B15,False,PFUNA,0.0,,
288,FC5530-1,Scott AFB,DoD,38.543839,-89.8527741,2023-04-23,,,,,,ng/L,drinking water,Illinois,,,,8.0,QSM_B15,False,4:2FTS,0.0,,
289,FC5530-1,Scott AFB,DoD,38.543839,-89.8527741,2023-04-23,,,,,,ng/L,drinking water,Illinois,,,,8.0,QSM_B15,False,6:2FTS,0.0,,
290,FC5530-1,Scott AFB,DoD,38.543839,-89.8527741,2023-04-23,,,,,,ng/L,drinking water,Illinois,,,,8.0,QSM_B15,False,8:2FTS,0.0,,
291,FC5530-1,Scott AFB,DoD,38.543839,-89.8527741,2023-04-23,,,,,,ng/L,drinking water,Illinois,,,,8.0,QSM_B15,False,NETFOSAA,0.0,,
292,FC5530-1,Scott AFB,DoD,38.543839,-89.8527741,2023-04-23,,,,,,ng/L,drinking water,Illinois,,,,8.0,QSM_B15,False,NMEFOSAA,0.0,,
293,FC5530-1,Scott AFB,DoD,38.543839,-89.8527741,2023-04-23,,,,,,ng/L,drinking water,Illinois,,,,4.0,QSM_B15,False,PFBS,0.0,,
294,FC5530-1,Scott AFB,DoD,38.543839,-89.8527741,2023-04-23,,,,,,ng/L,drinking water,Illinois,,,,8.0,QSM_B15,False,PFBA,0.0,,
295,FC5530-1,Scott AFB,DoD,38.543839,-89.8527741,2023-04-23,,,,,,ng/L,drinking water,Illinois,,,,4.0,QSM_B15,False,PFDS,0.0,,
296,FC5530-1,Scott AFB,DoD,38.543839,-89.8527741,2023-04-23,,,,,,ng/L,drinking water,Illinois,,,,4.0,QSM_B15,False,PFDA,0.0,,
297,FC5530-1,Scott AFB,DoD,38.543839,-89.8527741,2023-04-23,,,,,,ng/L,drinking water,Illinois,,,,4.0,QSM_B15,False,PFDOA,0.0,,
298,FC5530-1,Scott AFB,DoD,38.543839,-89.8527741,2023-04-23,,,,,,ng/L,drinking water,Illinois,,,,4.0,QSM_B15,False,PFHPS,0.0,,
299,FC5530-1,Scott AFB,DoD,38.543839,-89.8527741,2023-04-23,,,,,,ng/L,drinking water,Illinois,,,,4.0,QSM_B15,False,PFHPA,0.0,,
300,FC5530-1,Scott AFB,DoD,38.543839,-89.8527741,2023-04-23,,,,,,ng/L,drinking water,Illinois,,,,4.0,QSM_B15,False,PFHXS,0.0,,
301,FC5530-1,Scott AFB,DoD,38.543839,-89.8527741,2023-04-23,,,,,,ng/L,drinking water,Illinois,,,,4.0,QSM_B15,False,PFHXA,0.0,,
302,FC5530-1,Scott AFB,DoD,38.543839,-89.8527741,2023-04-23,,,,,,ng/L,drinking water,Illinois,,,,4.0,QSM_B15,False,PFNS,0.0,,
303,FC5530-1,Scott AFB,DoD,38.543839,-89.8527741,2023-04-23,,,,,,ng/L,drinking water,Illinois,,,,4.0,QSM_B15,False,PFNA,0.0,,
304,FC5530-1,Scott AFB,DoD,38.543839,-89.8527741,2023-04-23,,,,,,ng/L,drinking water,Illinois,,,,4.0,QSM_B15,False,PFOSA,0.0,,
305,FC5530-1,Scott AFB,DoD,38.543839,-89.8527741,2023-04-23,,,,,,ng/L,drinking water,Illinois,,,,4.0,QSM_B15,False,PFOS,0.0,,
306,FC5530-1,Scott AFB,DoD,38.543839,-89.8527741,2023-04-23,,,,,,ng/L,drinking water,Illinois,,,,4.0,QSM_B15,False,PFOA,0.0,,
307,FC5530-1,Scott AFB,DoD,38.543839,-89.8527741,2023-04-23,,,,,,ng/L,drinking water,Illinois,,,,4.0,QSM_B15,False,PFPES,0.0,,
308,FC5530-1,Scott AFB,DoD,38.543839,-89.8527741,2023-04-23,,,,,,ng/L,drinking water,Illinois,,,,4.0,QSM_B15,False,PFPEA,0.0,,
309,FC5530-1,Scott AFB,DoD,38.543839,-89.8527741,2023-04-23,,,,,,ng/L,drinking water,Illinois,,,,4.0,QSM_B15,False,PFTEDA,0.0,,
310,FC5530-1,Scott AFB,DoD,38.543839,-89.8527741,2023-04-23,,,,,,ng/L,drinking water,Illinois,,,,4.0,QSM_B15,False,PFTRDA,0.0,,
311,FC5530-1,Scott AFB,DoD,38.543839,-89.8527741,2023-04-23,,,,,,ng/L,drinking water,Illinois,,,,4.0,QSM_B15,False,PFUNA,0.0,,
312,FC5530-3,Scott AFB,DoD,38.543839,-89.8527741,2023-04-23,,,,,,ng/L,drinking water,Illinois,,,,8.0,QSM_B15,False,4:2FTS,0.0,,
313,FC5530-3,Scott AFB,DoD,38.543839,-89.8527741,2023-04-23,,,,,,ng/L,drinking water,Illinois,,,,8.0,QSM_B15,False,6:2FTS,0.0,,
314,FC5530-3,Scott AFB,DoD,38.543839,-89.8527741,2023-04-23,,,,,,ng/L,drinking water,Illinois,,,,8.0,QSM_B15,False,8:2FTS,0.0,,
315,FC5530-3,Scott AFB,DoD,38.543839,-89.8527741,2023-04-23,,,,,,ng/L,drinking water,Illinois,,,,8.0,QSM_B15,False,NETFOSAA,0.0,,
316,FC5530-3,Scott AFB,DoD,38.543839,-89.8527741,2023-04-23,,,,,,ng/L,drinking water,Illinois,,,,8.0,QSM_B15,False,NMEFOSAA,0.0,,
317,FC5530-3,Scott AFB,DoD,38.543839,-89.8527741,2023-04-23,,,,,,ng/L,drinking water,Illinois,,,,4.0,QSM_B15,False,PFBS,0.0,,
318,FC5530-3,Scott AFB,DoD,38.543839,-89.8527741,2023-04-23,,,,,,ng/L,drinking water,Illinois,,,,8.0,QSM_B15,False,PFBA,0.0,,
319,FC5530-3,Scott AFB,DoD,38.543839,-89.8527741,2023-04-23,,,,,,ng/L,drinking water,Illinois,,,,4.0,QSM_B15,False,PFDS,0.0,,
320,FC5530-3,Scott AFB,DoD,38.543839,-89.8527741,2023-04-23,,,,,,ng/L,drinking water,Illinois,,,,4.0,QSM_B15,False,PFDA,0.0,,
321,FC5530-3,Scott AFB,DoD,38.543839,-89.8527741,2023-04-23,,,,,,ng/L,drinking water,Illinois,,,,4.0,QSM_B15,False,PFDOA,0.0,,
322,FC5530-3,Scott AFB,DoD,38.543839,-89.8527741,2023-04-23,,,,,,ng/L,drinking water,Illinois,,,,4.0,QSM_B15,False,PFHPS,0.0,,
323,FC5530-3,Scott AFB,DoD,38.543839,-89.8527741,2023-04-23,,,,,,ng/L,drinking water,Illinois,,,,4.0,QSM_B15,False,PFHPA,0.0,,
324,FC5530-3,Scott AFB,DoD,38.543839,-89.8527741,2023-04-23,,,,,,ng/L,drinking water,Illinois,,,,4.0,QSM_B15,False,PFHXS,0.0,,
325,FC5530-3,Scott AFB,DoD,38.543839,-89.8527741,2023-04-23,,,,,,ng/L,drinking water,Illinois,,,,4.0,QSM_B15,False,PFHXA,0.0,,
326,FC5530-3,Scott AFB,DoD,38.543839,-89.8527741,2023-04-23,,,,,,ng/L,drinking water,Illinois,,,,4.0,QSM_B15,False,PFNS,0.0,,
327,FC5530-3,Scott AFB,DoD,38.543839,-89.8527741,2023-04-23,,,,,,ng/L,drinking water,Illinois,,,,4.0,QSM_B15,False,PFNA,0.0,,
328,FC5530-3,Scott AFB,DoD,38.543839,-89.8527741,2023-04-23,,,,,,ng/L,drinking water,Illinois,,,,4.0,QSM_B15,False,PFOSA,0.0,,
329,FC5530-3,Scott AFB,DoD,38.543839,-89.8527741,2023-04-23,,,,,,ng/L,drinking water,Illinois,,,,4.0,QSM_B15,False,PFOS,0.0,,
330,FC5530-3,Scott AFB,DoD,38.543839,-89.8527741,2023-04-23,,,,,,ng/L,drinking water,Illinois,,,,4.0,QSM_B15,False,PFOA,0.0,,
331,FC5530-3,Scott AFB,DoD,38.543839,-89.8527741,2023-04-23,,,,,,ng/L,drinking water,Illinois,,,,4.0,QSM_B15,False,PFPES,0.0,,
332,FC5530-3,Scott AFB,DoD,38.543839,-89.8527741,2023-04-23,,,,,,ng/L,drinking water,Illinois,,,,4.0,QSM_B15,False,PFPEA,0.0,,
333,FC5530-3,Scott AFB,DoD,38.543839,-89.8527741,2023-04-23,,,,,,ng/L,drinking water,Illinois,,,,4.0,QSM_B15,False,PFTEDA,0.0,,
334,FC5530-3,Scott AFB,DoD,38.543839,-89.8527741,2023-04-23,,,,,,ng/L,drinking water,Illinois,,,,4.0,QSM_B15,False,PFTRDA,0.0,,
335,FC5530-3,Scott AFB,DoD,38.543839,-89.8527741,2023-04-23,,,,,,ng/L,drinking water,Illinois,,,,4.0,QSM_B15,False,PFUNA,0.0,,
336,FC5530-2,Scott AFB,DoD,38.543839,-89.8527741,2023-04-23,,,,,,ng/L,drinking water,Illinois,,,,8.0,QSM_B15,False,4:2FTS,0.0,,
337,FC5530-2,Scott AFB,DoD,38.543839,-89.8527741,2023-04-23,,,,,,ng/L,drinking water,Illinois,,,,8.0,QSM_B15,False,6:2FTS,0.0,,
338,FC5530-2,Scott AFB,DoD,38.543839,-89.8527741,2023-04-23,,,,,,ng/L,drinking water,Illinois,,,,8.0,QSM_B15,False,8:2FTS,0.0,,
339,FC5530-2,Scott AFB,DoD,38.543839,-89.8527741,2023-04-23,,,,,,ng/L,drinking water,Illinois,,,,8.0,QSM_B15,False,NETFOSAA,0.0,,
340,FC5530-2,Scott AFB,DoD,38.543839,-89.8527741,2023-04-23,,,,,,ng/L,drinking water,Illinois,,,,8.0,QSM_B15,False,NMEFOSAA,0.0,,
341,FC5530-2,Scott AFB,DoD,38.543839,-89.8527741,2023-04-23,,,,,,ng/L,drinking water,Illinois,,,,4.0,QSM_B15,False,PFBS,0.0,,
342,FC5530-2,Scott AFB,DoD,38.543839,-89.8527741,2023-04-23,,,,,,ng/L,drinking water,Illinois,,,,8.0,QSM_B15,False,PFBA,0.0,,
343,FC5530-2,Scott AFB,DoD,38.543839,-89.8527741,2023-04-23,,,,,,ng/L,drinking water,Illinois,,,,4.0,QSM_B15,False,PFDS,0.0,,
344,FC5530-2,Scott AFB,DoD,38.543839,-89.8527741,2023-04-23,,,,,,ng/L,drinking water,Illinois,,,,4.0,QSM_B15,False,PFDA,0.0,,
345,FC5530-2,Scott AFB,DoD,38.543839,-89.8527741,2023-04-23,,,,,,ng/L,drinking water,Illinois,,,,4.0,QSM_B15,False,PFDOA,0.0,,
346,FC5530-2,Scott AFB,DoD,38.543839,-89.8527741,2023-04-23,,,,,,ng/L,drinking water,Illinois,,,,4.0,QSM_B15,False,PFHPS,0.0,,
347,FC5530-2,Scott AFB,DoD,38.543839,-89.8527741,2023-04-23,,,,,,ng/L,drinking water,Illinois,,,,4.0,QSM_B15,False,PFHPA,0.0,,
348,FC5530-2,Scott AFB,DoD,38.543839,-89.8527741,2023-04-23,,,,,,ng/L,drinking water,Illinois,,,,4.0,QSM_B15,False,PFHXS,0.0,,
349,FC5530-2,Scott AFB,DoD,38.543839,-89.8527741,2023-04-23,,,,,,ng/L,drinking water,Illinois,,,,4.0,QSM_B15,False,PFHXA,0.0,,
350,FC5530-2,Scott AFB,DoD,38.543839,-89.8527741,2023-04-23,,,,,,ng/L,drinking water,Illinois,,,,4.0,QSM_B15,False,PFNS,0.0,,
351,FC5530-2,Scott AFB,DoD,38.543839,-89.8527741,2023-04-23,,,,,,ng/L,drinking water,Illinois,,,,4.0,QSM_B15,False,PFNA,0.0,,
352,FC5530-2,Scott AFB,DoD,38.543839,-89.8527741,2023-04-23,,,,,,ng/L,drinking water,Illinois,,,,4.0,QSM_B15,False,PFOSA,0.0,,
353,FC5530-2,Scott AFB,DoD,38.543839,-89.8527741,2023-04-23,,,,,,ng/L,drinking water,Illinois,,,,4.0,QSM_B15,False,PFOS,0.0,,
354,FC5530-2,Scott AFB,DoD,38.543839,-89.8527741,2023-04-23,,,,,,ng/L,drinking water,Illinois,,,,4.0,QSM_B15,False,PFOA,0.0,,
355,FC5530-2,Scott AFB,DoD,38.543839,-89.8527741,2023-04-23,,,,,,ng/L,drinking water,Illinois,,,,4.0,QSM_B15,False,PFPES,0.0,,
356,FC5530-2,Scott AFB,DoD,38.543839,-89.8527741,2023-04-23,,,,,,ng/L,drinking water,Illinois,,,,4.0,QSM_B15,False,PFPEA,0.0,,
357,FC5530-2,Scott AFB,DoD,38.543839,-89.8527741,2023-04-23,,,,,,ng/L,drinking water,Illinois,,,,4.0,QSM_B15,False,PFTEDA,0.0,,
358,FC5530-2,Scott AFB,DoD,38.543839,-89.8527741,2023-04-23,,,,,,ng/L,drinking water,Illinois,,,,4.0,QSM_B15,False,PFTRDA,0.0,,
359,FC5530-2,Scott AFB,DoD,38.543839,-89.8527741,2023-04-23,,,,,,ng/L,drinking water,Illinois,,,,4.0,QSM_B15,False,PFUNA,0.0,,
360,FC10656-1,Scott AFB,DoD,38.543839,-89.8527741,2023-10-22,,,,,,ng/L,drinking water,Illinois,,,,8.0,QSM_B15,False,4:2FTS,0.0,,
361,FC10656-1,Scott AFB,DoD,38.543839,-89.8527741,2023-10-22,,,,,,ng/L,drinking water,Illinois,,,,8.0,QSM_B15,False,6:2FTS,0.0,,
362,FC10656-1,Scott AFB,DoD,38.543839,-89.8527741,2023-10-22,,,,,,ng/L,drinking water,Illinois,,,,8.0,QSM_B15,False,8:2FTS,0.0,,
363,FC10656-1,Scott AFB,DoD,38.543839,-89.8527741,2023-10-22,,,,,,ng/L,drinking water,Illinois,,,,8.0,QSM_B15,False,NETFOSAA,0.0,,
364,FC10656-1,Scott AFB,DoD,38.543839,-89.8527741,2023-10-22,,,,,,ng/L,drinking water,Illinois,,,,8.0,QSM_B15,False,NMEFOSAA,0.0,,
365,FC10656-1,Scott AFB,DoD,38.543839,-89.8527741,2023-10-22,,,,,,ng/L,drinking water,Illinois,,,,4.0,QSM_B15,False,PFBS,0.0,,
366,FC10656-1,Scott AFB,DoD,38.543839,-89.8527741,2023-10-22,,,,,,ng/L,drinking water,Illinois,,,,8.0,QSM_B15,False,PFBA,0.0,,
367,FC10656-1,Scott AFB,DoD,38.543839,-89.8527741,2023-10-22,,,,,,ng/L,drinking water,Illinois,,,,4.0,QSM_B15,False,PFDS,0.0,,
368,FC10656-1,Scott AFB,DoD,38.543839,-89.8527741,2023-10-22,,,,,,ng/L,drinking water,Illinois,,,,4.0,QSM_B15,False,PFDA,0.0,,
369,FC10656-1,Scott AFB,DoD,38.543839,-89.8527741,2023-10-22,,,,,,ng/L,drinking water,Illinois,,,,4.0,QSM_B15,False,PFDOA,0.0,,
370,FC10656-1,Scott AFB,DoD,38.543839,-89.8527741,2023-10-22,,,,,,ng/L,drinking water,Illinois,,,,4.0,QSM_B15,False,PFHPS,0.0,,
371,FC10656-1,Scott AFB,DoD,38.543839,-89.8527741,2023-10-22,,,,,,ng/L,drinking water,Illinois,,,,4.0,QSM_B15,False,PFHPA,0.0,,
372,FC10656-1,Scott AFB,DoD,38.543839,-89.8527741,2023-10-22,,,,,,ng/L,drinking water,Illinois,,,,4.0,QSM_B15,True,PFHXS,5.0,,
373,FC10656-1,Scott AFB,DoD,38.543839,-89.8527741,2023-10-22,,,,,,ng/L,drinking water,Illinois,,,,4.0,QSM_B15,False,PFHXA,0.0,,
374,FC10656-1,Scott AFB,DoD,38.543839,-89.8527741,2023-10-22,,,,,,ng/L,drinking water,Illinois,,,,4.0,QSM_B15,False,PFNS,0.0,,
375,FC10656-1,Scott AFB,DoD,38.543839,-89.8527741,2023-10-22,,,,,,ng/L,drinking water,Illinois,,,,4.0,QSM_B15,False,PFNA,0.0,,
376,FC10656-1,Scott AFB,DoD,38.543839,-89.8527741,2023-10-22,,,,,,ng/L,drinking water,Illinois,,,,4.0,QSM_B15,False,PFOSA,0.0,,
377,FC10656-1,Scott AFB,DoD,38.543839,-89.8527741,2023-10-22,,,,,,ng/L,drinking water,Illinois,,,,4.0,QSM_B15,True,PFOS,38.0,,
378,FC10656-1,Scott AFB,DoD,38.543839,-89.8527741,2023-10-22,,,,,,ng/L,drinking water,Illinois,,,,4.0,QSM_B15,True,PFOA,4.5,,
379,FC10656-1,Scott AFB,DoD,38.543839,-89.8527741,2023-10-22,,,,,,ng/L,drinking water,Illinois,,,,4.0,QSM_B15,False,PFPES,0.0,,
380,FC10656-1,Scott AFB,DoD,38.543839,-89.8527741,2023-10-22,,,,,,ng/L,drinking water,Illinois,,,,4.0,QSM_B15,False,PFPEA,0.0,,
381,FC10656-1,Scott AFB,DoD,38.543839,-89.8527741,2023-10-22,,,,,,ng/L,drinking water,Illinois,,,,4.0,QSM_B15,False,PFTEDA,0.0,,
382,FC10656-1,Scott AFB,DoD,38.543839,-89.8527741,2023-10-22,,,,,,ng/L,drinking water,Illinois,,,,4.0,QSM_B15,False,PFTRDA,0.0,,
383,FC10656-1,Scott AFB,DoD,38.543839,-89.8527741,2023-10-22,,,,,,ng/L,drinking water,Illinois,,,,4.0,QSM_B15,False,PFUNA,0.0,,
384,FC10656-2,Scott AFB,DoD,38.543839,-89.8527741,2023-10-22,,,,,,ng/L,drinking water,Illinois,,,,8.0,QSM_B15,False,4:2FTS,0.0,,
385,FC10656-2,Scott AFB,DoD,38.543839,-89.8527741,2023-10-22,,,,,,ng/L,drinking water,Illinois,,,,8.0,QSM_B15,False,6:2FTS,0.0,,
386,FC10656-2,Scott AFB,DoD,38.543839,-89.8527741,2023-10-22,,,,,,ng/L,drinking water,Illinois,,,,8.0,QSM_B15,False,8:2FTS,0.0,,
387,FC10656-2,Scott AFB,DoD,38.543839,-89.8527741,2023-10-22,,,,,,ng/L,drinking water,Illinois,,,,8.0,QSM_B15,False,NETFOSAA,0.0,,
388,FC10656-2,Scott AFB,DoD,38.543839,-89.8527741,2023-10-22,,,,,,ng/L,drinking water,Illinois,,,,8.0,QSM_B15,False,NMEFOSAA,0.0,,
389,FC10656-2,Scott AFB,DoD,38.543839,-89.8527741,2023-10-22,,,,,,ng/L,drinking water,Illinois,,,,4.0,QSM_B15,False,PFBS,0.0,,
390,FC10656-2,Scott AFB,DoD,38.543839,-89.8527741,2023-10-22,,,,,,ng/L,drinking water,Illinois,,,,8.0,QSM_B15,False,PFBA,0.0,,
391,FC10656-2,Scott AFB,DoD,38.543839,-89.8527741,2023-10-22,,,,,,ng/L,drinking water,Illinois,,,,4.0,QSM_B15,False,PFDS,0.0,,
392,FC10656-2,Scott AFB,DoD,38.543839,-89.8527741,2023-10-22,,,,,,ng/L,drinking water,Illinois,,,,4.0,QSM_B15,False,PFDA,0.0,,
393,FC10656-2,Scott AFB,DoD,38.543839,-89.8527741,2023-10-22,,,,,,ng/L,drinking water,Illinois,,,,4.0,QSM_B15,False,PFDOA,0.0,,
394,FC10656-2,Scott AFB,DoD,38.543839,-89.8527741,2023-10-22,,,,,,ng/L,drinking water,Illinois,,,,4.0,QSM_B15,False,PFHPS,0.0,,
395,FC10656-2,Scott AFB,DoD,38.543839,-89.8527741,2023-10-22,,,,,,ng/L,drinking water,Illinois,,,,4.0,QSM_B15,False,PFHPA,0.0,,
396,FC10656-2,Scott AFB,DoD,38.543839,-89.8527741,2023-10-22,,,,,,ng/L,drinking water,Illinois,,,,4.0,QSM_B15,True,PFHXS,5.3,,
397,FC10656-2,Scott AFB,DoD,38.543839,-89.8527741,2023-10-22,,,,,,ng/L,drinking water,Illinois,,,,4.0,QSM_B15,False,PFHXA,0.0,,
398,FC10656-2,Scott AFB,DoD,38.543839,-89.8527741,2023-10-22,,,,,,ng/L,drinking water,Illinois,,,,4.0,QSM_B15,False,PFNS,0.0,,
399,FC10656-2,Scott AFB,DoD,38.543839,-89.8527741,2023-10-22,,,,,,ng/L,drinking water,Illinois,,,,4.0,QSM_B15,False,PFNA,0.0,,
400,FC10656-2,Scott AFB,DoD,38.543839,-89.8527741,2023-10-22,,,,,,ng/L,drinking water,Illinois,,,,4.0,QSM_B15,False,PFOSA,0.0,,
401,FC10656-2,Scott AFB,DoD,38.543839,-89.8527741,2023-10-22,,,,,,ng/L,drinking water,Illinois,,,,4.0,QSM_B15,True,PFOS,37.9,,
402,FC10656-2,Scott AFB,DoD,38.543839,-89.8527741,2023-10-22,,,,,,ng/L,drinking water,Illinois,,,,4.0,QSM_B15,True,PFOA,4.6,,
403,FC10656-2,Scott AFB,DoD,38.543839,-89.8527741,2023-10-22,,,,,,ng/L,drinking water,Illinois,,,,4.0,QSM_B15,False,PFPES,0.0,,
404,FC10656-2,Scott AFB,DoD,38.543839,-89.8527741,2023-10-22,,,,,,ng/L,drinking water,Illinois,,,,4.0,QSM_B15,False,PFPEA,0.0,,
405,FC10656-2,Scott AFB,DoD,38.543839,-89.8527741,2023-10-22,,,,,,ng/L,drinking water,Illinois,,,,4.0,QSM_B15,False,PFTEDA,0.0,,
406,FC10656-2,Scott AFB,DoD,38.543839,-89.8527741,2023-10-22,,,,,,ng/L,drinking water,Illinois,,,,4.0,QSM_B15,False,PFTRDA,0.0,,
407,FC10656-2,Scott AFB,DoD,38.543839,-89.8527741,2023-10-22,,,,,,ng/L,drinking water,Illinois,,,,4.0,QSM_B15,False,PFUNA,0.0,,
408,FC14593-1,Scott AFB,DoD,38.543839,-89.8527741,2024-04-03,,,,,,ng/L,drinking water,Illinois,,,,8.0,QSM_B15,False,4:2FTS,0.0,,
409,FC14593-1,Scott AFB,DoD,38.543839,-89.8527741,2024-04-03,,,,,,ng/L,drinking water,Illinois,,,,8.0,QSM_B15,False,6:2FTS,0.0,,
410,FC14593-1,Scott AFB,DoD,38.543839,-89.8527741,2024-04-03,,,,,,ng/L,drinking water,Illinois,,,,8.0,QSM_B15,False,8:2FTS,0.0,,
411,FC14593-1,Scott AFB,DoD,38.543839,-89.8527741,2024-04-03,,,,,,ng/L,drinking water,Illinois,,,,8.0,QSM_B15,False,NETFOSAA,0.0,,
412,FC14593-1,Scott AFB,DoD,38.543839,-89.8527741,2024-04-03,,,,,,ng/L,drinking water,Illinois,,,,8.0,QSM_B15,False,NMEFOSAA,0.0,,
413,FC14593-1,Scott AFB,DoD,38.543839,-89.8527741,2024-04-03,,,,,,ng/L,drinking water,Illinois,,,,8.0,QSM_B15,False,PFBA,0.0,,
414,FC14593-1,Scott AFB,DoD,38.543839,-89.8527741,2024-04-03,,,,,,ng/L,drinking water,Illinois,,,,4.0,QSM_B15,False,PFBS,0.0,,
415,FC14593-1,Scott AFB,DoD,38.543839,-89.8527741,2024-04-03,,,,,,ng/L,drinking water,Illinois,,,,4.0,QSM_B15,False,PFDA,0.0,,
416,FC14593-1,Scott AFB,DoD,38.543839,-89.8527741,2024-04-03,,,,,,ng/L,drinking water,Illinois,,,,4.0,QSM_B15,False,PFDOA,0.0,,
417,FC14593-1,Scott AFB,DoD,38.543839,-89.8527741,2024-04-03,,,,,,ng/L,drinking water,Illinois,,,,4.0,QSM_B15,False,PFDS,0.0,,
418,FC14593-1,Scott AFB,DoD,38.543839,-89.8527741,2024-04-03,,,,,,ng/L,drinking water,Illinois,,,,4.0,QSM_B15,False,PFHPA,0.0,,
419,FC14593-1,Scott AFB,DoD,38.543839,-89.8527741,2024-04-03,,,,,,ng/L,drinking water,Illinois,,,,4.0,QSM_B15,False,PFHPS,0.0,,
420,FC14593-1,Scott AFB,DoD,38.543839,-89.8527741,2024-04-03,,,,,,ng/L,drinking water,Illinois,,,,4.0,QSM_B15,False,PFHXA,0.0,,
421,FC14593-1,Scott AFB,DoD,38.543839,-89.8527741,2024-04-03,,,,,,ng/L,drinking water,Illinois,,,,4.0,QSM_B15,True,PFHXS,6.5,,
422,FC14593-1,Scott AFB,DoD,38.543839,-89.8527741,2024-04-03,,,,,,ng/L,drinking water,Illinois,,,,4.0,QSM_B15,False,PFNA,0.0,,
423,FC14593-1,Scott AFB,DoD,38.543839,-89.8527741,2024-04-03,,,,,,ng/L,drinking water,Illinois,,,,4.0,QSM_B15,False,PFNS,0.0,,
424,FC14593-1,Scott AFB,DoD,38.543839,-89.8527741,2024-04-03,,,,,,ng/L,drinking water,Illinois,,,,4.0,QSM_B15,True,PFOA,4.0,,
425,FC14593-1,Scott AFB,DoD,38.543839,-89.8527741,2024-04-03,,,,,,ng/L,drinking water,Illinois,,,,4.0,QSM_B15,True,PFOS,33.2,,
426,FC14593-1,Scott AFB,DoD,38.543839,-89.8527741,2024-04-03,,,,,,ng/L,drinking water,Illinois,,,,4.0,QSM_B15,False,PFOSA,0.0,,
427,FC14593-1,Scott AFB,DoD,38.543839,-89.8527741,2024-04-03,,,,,,ng/L,drinking water,Illinois,,,,4.0,QSM_B15,False,PFPEA,0.0,,
428,FC14593-1,Scott AFB,DoD,38.543839,-89.8527741,2024-04-03,,,,,,ng/L,drinking water,Illinois,,,,4.0,QSM_B15,False,PFPES,0.0,,
429,FC14593-1,Scott AFB,DoD,38.543839,-89.8527741,2024-04-03,,,,,,ng/L,drinking water,Illinois,,,,4.0,QSM_B15,False,PFTEDA,0.0,,
430,FC14593-1,Scott AFB,DoD,38.543839,-89.8527741,2024-04-03,,,,,,ng/L,drinking water,Illinois,,,,4.0,QSM_B15,False,PFTRDA,0.0,,
431,FC14593-1,Scott AFB,DoD,38.543839,-89.8527741,2024-04-03,,,,,,ng/L,drinking water,Illinois,,,,4.0,QSM_B15,False,PFUNA,0.0,,
432,FC14593-2,Scott AFB,DoD,38.543839,-89.8527741,2024-04-03,,,,,,ng/L,drinking water,Illinois,,,,8.0,QSM_B15,False,4:2FTS,0.0,,
433,FC14593-2,Scott AFB,DoD,38.543839,-89.8527741,2024-04-03,,,,,,ng/L,drinking water,Illinois,,,,8.0,QSM_B15,False,6:2FTS,0.0,,
434,FC14593-2,Scott AFB,DoD,38.543839,-89.8527741,2024-04-03,,,,,,ng/L,drinking water,Illinois,,,,8.0,QSM_B15,False,8:2FTS,0.0,,
435,FC14593-2,Scott AFB,DoD,38.543839,-89.8527741,2024-04-03,,,,,,ng/L,drinking water,Illinois,,,,8.0,QSM_B15,False,NETFOSAA,0.0,,
436,FC14593-2,Scott AFB,DoD,38.543839,-89.8527741,2024-04-03,,,,,,ng/L,drinking water,Illinois,,,,8.0,QSM_B15,False,NMEFOSAA,0.0,,
437,FC14593-2,Scott AFB,DoD,38.543839,-89.8527741,2024-04-03,,,,,,ng/L,drinking water,Illinois,,,,8.0,QSM_B15,False,PFBA,0.0,,
438,FC14593-2,Scott AFB,DoD,38.543839,-89.8527741,2024-04-03,,,,,,ng/L,drinking water,Illinois,,,,4.0,QSM_B15,False,PFBS,0.0,,
439,FC14593-2,Scott AFB,DoD,38.543839,-89.8527741,2024-04-03,,,,,,ng/L,drinking water,Illinois,,,,4.0,QSM_B15,False,PFDA,0.0,,
440,FC14593-2,Scott AFB,DoD,38.543839,-89.8527741,2024-04-03,,,,,,ng/L,drinking water,Illinois,,,,4.0,QSM_B15,False,PFDOA,0.0,,
441,FC14593-2,Scott AFB,DoD,38.543839,-89.8527741,2024-04-03,,,,,,ng/L,drinking water,Illinois,,,,4.0,QSM_B15,False,PFDS,0.0,,
442,FC14593-2,Scott AFB,DoD,38.543839,-89.8527741,2024-04-03,,,,,,ng/L,drinking water,Illinois,,,,4.0,QSM_B15,False,PFHPA,0.0,,
443,FC14593-2,Scott AFB,DoD,38.543839,-89.8527741,2024-04-03,,,,,,ng/L,drinking water,Illinois,,,,4.0,QSM_B15,False,PFHPS,0.0,,
444,FC14593-2,Scott AFB,DoD,38.543839,-89.8527741,2024-04-03,,,,,,ng/L,drinking water,Illinois,,,,4.0,QSM_B15,False,PFHXA,0.0,,
445,FC14593-2,Scott AFB,DoD,38.543839,-89.8527741,2024-04-03,,,,,,ng/L,drinking water,Illinois,,,,4.0,QSM_B15,True,PFHXS,6.6,,
446,FC14593-2,Scott AFB,DoD,38.543839,-89.8527741,2024-04-03,,,,,,ng/L,drinking water,Illinois,,,,4.0,QSM_B15,False,PFNA,0.0,,
447,FC14593-2,Scott AFB,DoD,38.543839,-89.8527741,2024-04-03,,,,,,ng/L,drinking water,Illinois,,,,4.0,QSM_B15,False,PFNS,0.0,,
448,FC14593-2,Scott AFB,DoD,38.543839,-89.8527741,2024-04-03,,,,,,ng/L,drinking water,Illinois,,,,4.0,QSM_B15,True,PFOA,3.7,,
449,FC14593-2,Scott AFB,DoD,38.543839,-89.8527741,2024-04-03,,,,,,ng/L,drinking water,Illinois,,,,4.0,QSM_B15,True,PFOS,29.6,,
450,FC14593-2,Scott AFB,DoD,38.543839,-89.8527741,2024-04-03,,,,,,ng/L,drinking water,Illinois,,,,4.0,QSM_B15,False,PFOSA,0.0,,
451,FC14593-2,Scott AFB,DoD,38.543839,-89.8527741,2024-04-03,,,,,,ng/L,drinking water,Illinois,,,,4.0,QSM_B15,False,PFPEA,0.0,,
452,FC14593-2,Scott AFB,DoD,38.543839,-89.8527741,2024-04-03,,,,,,ng/L,drinking water,Illinois,,,,4.0,QSM_B15,False,PFPES,0.0,,
453,FC14593-2,Scott AFB,DoD,38.543839,-89.8527741,2024-04-03,,,,,,ng/L,drinking water,Illinois,,,,4.0,QSM_B15,False,PFTEDA,0.0,,
454,FC14593-2,Scott AFB,DoD,38.543839,-89.8527741,2024-04-03,,,,,,ng/L,drinking water,Illinois,,,,4.0,QSM_B15,False,PFTRDA,0.0,,
455,FC14593-2,Scott AFB,DoD,38.543839,-89.8527741,2024-04-03,,,,,,ng/L,drinking water,Illinois,,,,4.0,QSM_B15,False,PFUNA,0.0,,
